PLAYER_ID,name,team,height,weight,age,gp,min_pg,total_min,ppg,ts_pct,fg2_pct,fg2a,fg3_pct,fg3a,on_ball_def_fg_pct,interior_def_fg_pct,perimeter_def_fg_pct,avg_speed,blk,reb,ast,tov,net_off_rating,stl,net_def_rating,combine_max_vertical,combine_lane_agility,charges_drawn,loose_balls_recovered,box_outs
1630639,A.J. Lawson,TOR,78,179,24.0,26,18.7,486.41,9.1,0.542,0.5294117647058824,3.4,0.327,3.9,0.457,0.614,0.309,4.76,0.2,3.3,1.2,0.6,1.5,0.5,-1.2000000000000028,41.0,11.0,0.0,0.29,0.21
1631260,AJ Green,MIL,76,190,25.0,73,22.7,1659.1416666666667,7.4,0.621,0.5,0.7999999999999998,0.427,5.0,0.459,0.637,0.355,4.47,0.1,2.4,1.5,0.5,0.09999999999999432,0.5,-7.200000000000003,,,0.07,0.42,0.54
1642358,AJ Johnson,WAS,77,160,20.0,29,22.0,638.3866666666667,7.6,0.48,0.4761904761904762,4.199999999999999,0.267,3.1,0.45,0.667,0.302,4.49,0.1,2.0,2.6,1.2,-22.299999999999997,0.4,-34.8,38.0,10.76,0.0,0.41,0.05
203932,Aaron Gordon,DEN,80,235,29.0,51,28.4,1446.7166666666667,14.7,0.65,0.5873015873015874,6.299999999999999,0.436,3.4,0.478,0.654,0.313,4.0,0.3,4.8,3.2,1.4,6.799999999999997,0.5,-2.0,39.0,10.81,0.0,0.41,0.37
1628988,Aaron Holiday,HOU,72,185,28.0,62,12.8,792.2466666666667,5.5,0.594,0.5,1.4,0.398,2.9,0.419,0.56,0.283,4.13,0.2,1.3,1.3,0.6,-4.799999999999997,0.3,-7.0,33.0,10.96,0.02,0.32,0.26
1630174,Aaron Nesmith,IND,78,215,25.0,45,24.9,1121.6183333333333,12.0,0.653,0.5853658536585364,4.1000000000000005,0.431,4.3,0.434,0.5,0.339,4.48,0.4,4.0,1.2,0.8,7.8999999999999915,0.8,-1.4000000000000057,,,0.16,0.47,0.38
1630598,Aaron Wiggins,OKC,77,190,26.0,76,22.9,1743.9,12.0,0.596,0.5882352941176471,5.1,0.383,4.5,0.47,0.656,0.331,4.64,0.2,3.9,1.8,0.9,4.6000000000000085,0.8,2.5,36.0,11.2,0.01,0.51,0.38
1641745,Adam Flagler,OKC,75,180,25.0,37,5.5,202.965,1.8,0.335,0.4285714285714284,0.7000000000000002,0.194,1.9,0.411,0.56,0.265,4.17,0.1,0.7,0.3,0.1,-21.200000000000003,0.2,-10.200000000000003,36.0,10.96,0.0,0.38,0.25
1641766,Adama Sanogo,CHI,81,245,23.0,4,5.4,21.498333333333335,2.0,0.571,0.5555555555555556,1.8,0.0,0.0,0.417,0.5,0.4,4.41,0.0,1.5,0.3,0.3,-7.3999999999999915,0.0,5.900000000000006,31.0,11.5,0.0,0.0,0.67
1641737,Adem Bona,PHI,82,235,22.0,58,15.6,904.55,5.8,0.714,0.6969696969696969,3.3,0.0,0.0,0.459,0.579,0.374,4.35,1.2,4.2,0.5,1.1,-3.3999999999999915,0.4,-3.200000000000003,40.0,11.01,0.0,0.26,0.96
1642349,Ajay Mitchell,OKC,77,190,23.0,36,16.6,596.955,6.5,0.587,0.5588235294117647,3.3999999999999995,0.383,1.7,0.431,0.59,0.243,4.6,0.1,1.9,1.8,0.8,-10.299999999999997,0.7,-6.8999999999999915,33.5,11.12,0.08,0.31,0.19
201143,Al Horford,BOS,81,240,39.0,60,27.6,1658.5733333333333,9.0,0.563,0.5599999999999999,2.5,0.363,5.2,0.452,0.597,0.353,3.98,0.9,6.2,2.1,0.8,2.5,0.6,-1.7000000000000028,35.5,12.15,0.0,0.33,1.35
202692,Alec Burks,MIA,77,214,33.0,49,17.6,863.4966666666667,7.3,0.608,0.38461538461538447,1.2999999999999998,0.425,4.2,0.439,0.616,0.302,4.18,0.1,2.5,1.1,0.6,2.200000000000003,0.6,-5.1000000000000085,36.0,10.96,0.0,0.21,0.19
1627936,Alex Caruso,OKC,77,186,31.0,54,19.3,1040.635,7.1,0.568,0.5555555555555556,2.6999999999999997,0.353,3.1,0.395,0.497,0.306,4.42,0.6,2.9,2.5,0.7,-1.2999999999999972,1.6,-4.200000000000003,,,0.15,0.49,0.34
1642505,Alex Ducas,OKC,79,220,24.0,21,6.0,125.34166666666667,1.7,0.583,0.25,0.3999999999999999,0.476,1.0,0.525,0.75,0.389,4.29,0.0,1.2,0.2,0.2,-20.200000000000003,0.2,-0.10000000000000853,,,0.0,0.2,0.67
203458,Alex Len,LAL,84,250,32.0,46,8.3,379.79,1.6,0.525,0.5833333333333334,1.2,0.222,0.2,0.507,0.701,0.338,4.41,0.5,2.1,0.8,0.4,-10.0,0.2,13.399999999999991,,,0.0,0.33,0.92
1642024,Alex Reese,PHI,81,245,26.0,15,14.4,216.04666666666665,5.1,0.641,0.7777777777777778,0.8999999999999999,0.366,2.7,0.522,0.647,0.462,4.54,0.7,3.1,0.3,0.4,8.400000000000006,0.7,-10.100000000000009,,,0.13,0.2,0.4
1642259,Alex Sarr,WAS,84,205,20.0,67,27.1,1814.2283333333332,13.0,0.482,0.4520547945205479,7.300000000000001,0.308,5.1,0.507,0.619,0.321,4.41,1.5,6.5,2.4,1.7,-3.5,0.7,-0.7999999999999972,37.0,11.43,0.0,0.57,1.18
1631214,Alondes Williams,LAC,76,210,26.0,1,3.7,3.716666666666667,5.0,1.25,1.0,1.0,1.0,1.0,0.0,,0.0,4.27,0.0,0.0,1.0,0.0,59.900000000000006,0.0,-27.700000000000003,35.5,10.96,,,
1630578,Alperen Sengun,HOU,83,243,22.0,76,31.5,2394.9766666666665,19.1,0.545,0.5217391304347826,13.8,0.233,1.2,0.471,0.588,0.36,3.97,0.8,10.3,4.9,2.6,4.400000000000006,1.1,-2.6999999999999886,,,0.09,0.79,2.63
1641708,Amen Thompson,HOU,79,200,22.0,69,32.3,2225.415,14.1,0.602,0.5909090909090909,8.799999999999999,0.275,1.3,0.407,0.529,0.306,4.33,1.3,8.2,3.8,2.0,2.0,1.4,-1.6999999999999886,,,0.04,0.77,0.33
1629599,Amir Coffey,LAC,79,210,28.0,72,24.3,1747.54,9.7,0.614,0.5135135135135135,3.6999999999999997,0.409,3.4,0.482,0.645,0.374,4.0,0.1,2.2,1.1,0.6,-7.6000000000000085,0.6,3.799999999999997,,,0.04,0.31,0.31
203083,Andre Drummond,PHI,83,279,31.0,40,18.8,750.6333333333333,7.3,0.535,0.5185185185185185,5.4,0.15,0.5,0.526,0.699,0.407,4.02,0.5,7.8,0.9,1.4,-8.399999999999991,1.0,2.700000000000003,33.5,10.83,0.0,0.43,1.4
1641748,Andre Jackson Jr.,MIL,78,209,23.0,67,14.6,980.0916666666667,3.4,0.554,0.5555555555555556,1.7999999999999998,0.395,1.1,0.477,0.595,0.399,4.83,0.2,2.7,1.2,0.9,-4.900000000000006,0.5,0.19999999999998863,39.5,10.83,0.0,0.38,0.24
1629614,Andrew Nembhard,IND,76,191,25.0,65,28.9,1880.67,10.0,0.545,0.5357142857142857,5.6000000000000005,0.291,2.7,0.47,0.609,0.372,4.49,0.2,3.3,5.0,1.7,2.4000000000000057,1.2,-3.5999999999999943,35.0,10.46,0.09,0.51,0.26
203952,Andrew Wiggins,MIA,79,197,30.0,60,30.7,1842.2816666666668,18.0,0.566,0.5,8.2,0.374,5.8,0.449,0.584,0.353,4.17,0.8,4.5,2.6,1.7,-2.5,1.0,0.8999999999999915,,,0.0,0.6,0.67
1629014,Anfernee Simons,POR,75,200,26.0,70,32.7,2291.8983333333335,19.3,0.557,0.48684210526315774,7.600000000000001,0.363,8.5,0.505,0.64,0.373,4.27,0.1,2.7,4.8,2.0,-1.2999999999999972,0.9,3.0,41.5,11.27,0.04,0.53,0.23
1641710,Anthony Black,ORL,79,200,21.0,78,24.2,1886.9933333333333,9.4,0.521,0.4814814814814814,5.4,0.318,2.5,0.452,0.689,0.307,4.11,0.6,2.9,3.1,1.8,-3.0999999999999943,1.1,-1.5,39.0,11.04,0.03,0.49,0.31
203076,Anthony Davis,DAL,82,253,32.0,51,33.4,1705.4883333333332,24.7,0.588,0.551948051948052,15.4,0.282,2.4,0.439,0.521,0.369,3.75,2.2,11.6,3.5,2.2,0.29999999999999716,1.2,-9.0,,,0.04,0.86,1.9
1630162,Anthony Edwards,MIN,76,225,23.0,79,36.3,2871.0583333333334,27.6,0.595,0.49504950495049516,10.099999999999998,0.395,10.3,0.46,0.616,0.361,3.92,0.6,5.7,4.5,3.2,5.299999999999997,1.2,5.6000000000000085,,,0.0,0.62,0.14
1630264,Anthony Gill,WAS,80,230,32.0,51,7.8,397.575,2.5,0.586,0.5454545454545455,1.1,0.323,0.6,0.514,0.65,0.448,4.31,0.0,1.3,0.3,0.2,-3.8999999999999915,0.2,-8.799999999999997,,,0.0,0.28,0.59
1641817,Anton Watson,NYK,80,225,24.0,9,2.5,22.166666666666668,0.9,0.444,0.4444444444444445,0.9,0.0,0.1,0.571,1.0,0.0,4.32,0.0,0.3,0.2,0.2,-9.699999999999989,0.1,8.299999999999997,,,0.0,0.0,0.0
1641810,Antonio Reeves,NOP,77,205,24.0,44,15.0,659.5583333333333,6.9,0.579,0.5185185185185186,2.6999999999999997,0.395,2.9,0.519,0.646,0.383,4.37,0.1,1.4,0.9,0.7,-2.4000000000000057,0.5,-1.2000000000000028,36.0,11.44,0.0,0.39,0.18
1630574,Ariel Hukporti,NYK,83,246,23.0,25,8.7,217.365,1.9,0.654,0.6666666666666667,1.2,0.0,0.0,0.427,0.533,0.206,4.42,0.6,2.0,0.4,0.8,-20.700000000000003,0.0,-3.1000000000000085,31.0,12.2,0.0,0.3,0.74
1642422,Armel Traore,LAL,81,245,22.0,9,7.4,66.66666666666667,1.6,0.317,0.5384615384615384,1.3,0.0,0.8,0.522,0.455,0.625,4.78,0.2,1.7,0.1,0.3,-33.099999999999994,0.4,5.799999999999997,,,0.0,0.0,0.29
1641709,Ausar Thompson,DET,78,205,22.0,59,22.5,1327.715,10.1,0.568,0.5714285714285714,7.0,0.224,0.8,0.416,0.539,0.318,4.41,0.7,5.1,2.3,1.4,-0.5,1.7,-2.799999999999997,,,0.02,0.83,0.15
1630559,Austin Reaves,LAL,77,197,27.0,73,34.9,2550.0916666666667,20.2,0.616,0.5507246376811594,6.8999999999999995,0.377,7.3,0.492,0.66,0.34,4.13,0.3,4.5,5.8,2.4,9.799999999999997,1.1,2.700000000000003,35.0,10.94,0.3,0.71,0.45
1630245,Ayo Dosunmu,CHI,77,200,25.0,46,30.3,1393.8833333333334,12.3,0.585,0.6140350877192982,5.700000000000001,0.328,4.1,0.497,0.642,0.366,4.37,0.4,3.5,4.5,1.5,-3.200000000000003,0.9,6.3999999999999915,33.5,11.51,0.0,0.67,0.2
1628389,Bam Adebayo,MIA,81,255,27.0,78,34.3,2673.693333333333,18.1,0.561,0.5130434782608696,11.5,0.357,2.8,0.474,0.668,0.359,3.94,0.7,9.6,4.3,2.1,-0.5,1.3,0.09999999999999432,38.5,11.94,0.0,0.69,2.76
1631248,Baylor Scheierman,BOS,78,205,24.0,31,12.4,383.8883333333333,3.6,0.49,0.5555555555555556,0.8999999999999999,0.317,2.6,0.413,0.547,0.37,4.15,0.1,2.1,1.1,0.4,-10.299999999999997,0.5,-4.400000000000006,32.0,10.89,0.04,0.15,0.46
1641767,Ben Sheppard,IND,78,190,23.0,63,19.5,1229.5583333333334,5.3,0.555,0.5714285714285715,1.3999999999999995,0.342,3.2,0.456,0.593,0.342,4.72,0.2,2.8,1.3,0.3,-4.200000000000003,0.6,1.9000000000000057,35.5,10.88,0.0,0.47,0.19
1627732,Ben Simmons,LAC,82,240,28.0,51,22.0,1119.6933333333334,5.0,0.539,0.5227272727272726,4.4,0.0,0.0,0.463,0.651,0.361,3.99,0.5,4.7,5.6,2.0,-5.0,0.7,1.0999999999999943,,,0.08,0.4,0.38
1631097,Bennedict Mathurin,IND,77,210,23.0,72,29.9,2149.318333333333,16.1,0.579,0.5128205128205128,7.800000000000001,0.34,4.0,0.5,0.673,0.348,4.3,0.3,5.3,1.9,1.9,-0.10000000000000853,0.7,-0.09999999999999432,,,0.0,0.67,0.51
1641731,Bilal Coulibaly,WAS,80,195,20.0,59,33.0,1947.5066666666667,12.3,0.515,0.5,6.8,0.281,3.8,0.444,0.597,0.315,4.38,0.7,5.0,3.4,2.1,-0.5999999999999943,1.3,2.299999999999997,,,0.02,0.88,0.22
202687,Bismack Biyombo,SAS,80,255,32.0,28,18.8,527.4866666666667,5.1,0.576,0.5853658536585367,4.1,0.0,0.0,0.483,0.576,0.396,4.16,0.8,5.6,1.1,1.0,-8.200000000000003,0.6,-1.0,,,0.0,0.48,1.44
1631104,Blake Wesley,SAS,75,185,22.0,58,11.8,683.1066666666667,3.7,0.51,0.4999999999999999,2.2,0.293,1.0,0.485,0.652,0.41,4.58,0.1,1.1,2.0,0.9,-3.200000000000003,0.6,-7.3999999999999915,36.0,11.55,0.0,0.28,0.04
1626171,Bobby Portis Jr.,MIL,82,250,30.0,49,25.4,1243.68,13.9,0.542,0.5176470588235295,8.5,0.365,3.6,0.449,0.61,0.332,4.26,0.5,8.4,2.1,1.2,-0.30000000000001137,0.7,-1.6000000000000085,31.5,11.78,0.0,0.39,1.47
1641752,Bobi Klintman,DET,81,225,22.0,8,5.3,42.38166666666667,1.9,0.689,0.7142857142857142,0.7000000000000001,0.4,0.6,0.6,0.5,0.75,4.34,0.1,0.9,0.9,0.1,7.0,0.3,4.799999999999997,32.5,11.49,0.0,0.2,0.2
203992,Bogdan Bogdanović,LAC,77,225,32.0,54,25.0,1347.6583333333333,10.8,0.559,0.5405405405405407,3.6999999999999993,0.363,5.4,0.474,0.575,0.398,4.31,0.2,2.9,2.7,1.4,-5.299999999999997,0.8,-4.299999999999997,,,0.0,0.37,0.28
1629626,Bol Bol,PHX,87,220,25.0,36,12.5,448.48333333333335,6.8,0.627,0.7200000000000002,2.4999999999999996,0.344,2.6,0.481,0.608,0.396,4.43,0.7,2.9,0.6,0.6,-2.4000000000000057,0.3,-1.6999999999999886,,,0.0,0.23,0.42
1630538,Bones Hyland,MIN,74,169,24.0,24,9.9,238.77,6.2,0.576,0.4666666666666665,1.5000000000000004,0.39,3.4,0.494,0.719,0.333,4.12,0.2,1.0,1.3,1.0,-10.700000000000003,0.8,0.09999999999999432,34.0,10.53,0.0,0.24,0.0
203078,Bradley Beal,PHX,76,207,32.0,53,32.1,1702.1916666666666,17.0,0.598,0.5679012345679012,8.1,0.386,5.0,0.47,0.659,0.35,4.16,0.5,3.3,3.7,1.9,-5.1000000000000085,1.1,3.299999999999997,39.0,10.95,0.06,0.68,0.25
1642382,Branden Carlson,OKC,84,220,26.0,32,7.7,246.40333333333334,3.8,0.581,0.6666666666666669,0.8999999999999999,0.333,2.1,0.378,0.5,0.304,4.39,0.7,1.7,0.4,0.2,-4.900000000000006,0.2,-1.7000000000000028,,,0.0,0.29,0.92
1641764,Brandin Podziemski,GSW,76,205,22.0,64,26.8,1716.3483333333334,11.7,0.557,0.52,5.000000000000001,0.372,4.8,0.495,0.639,0.361,4.49,0.2,5.1,3.4,1.2,-1.8000000000000114,1.1,-7.900000000000006,39.0,11.16,0.32,0.71,0.51
1630527,Brandon Boston Jr.,NOP,78,188,23.0,42,23.6,992.78,10.7,0.535,0.48275862068965514,5.8,0.35,3.3,0.519,0.684,0.376,4.3,0.2,3.2,2.2,1.2,-0.5,1.3,-4.700000000000003,,,0.02,0.34,0.1
1629634,Brandon Clarke,MEM,80,215,28.0,64,18.9,1206.8616666666667,8.3,0.638,0.6607142857142857,5.6000000000000005,0.059,0.3,0.428,0.521,0.361,4.53,0.6,5.1,1.0,0.6,0.9000000000000057,0.8,-4.299999999999997,40.5,10.61,0.05,0.44,1.19
1627742,Brandon Ingram,TOR,80,190,27.0,18,33.1,595.0316666666666,22.2,0.56,0.512396694214876,12.1,0.374,6.4,0.525,0.632,0.514,4.02,0.6,5.6,5.2,3.8,-3.200000000000003,0.9,-0.3999999999999915,,,0.0,0.5,0.28
1641706,Brandon Miller,CHA,79,200,22.0,27,34.2,923.565,21.0,0.54,0.4657534246575343,7.299999999999999,0.355,10.9,0.462,0.547,0.394,4.17,0.7,4.9,3.6,2.8,0.8000000000000114,1.1,-1.9000000000000057,,,0.07,0.48,0.44
1630314,Brandon Williams,DAL,73,190,25.0,33,14.8,487.13,8.3,0.634,0.5897435897435896,3.9000000000000004,0.4,1.8,0.485,0.713,0.262,4.52,0.2,1.8,2.3,1.2,-4.299999999999997,0.7,-6.6000000000000085,,,0.0,0.77,0.19
1630296,Braxton Key,GSW,80,225,28.0,3,3.6,10.825,1.0,0.226,0.0,1.0,0.0,0.3,1.0,1.0,1.0,4.57,0.0,0.7,0.0,0.3,-27.299999999999997,0.7,10.900000000000006,,,0.0,0.0,0.0
1641729,Brice Sensabaugh,UTA,77,235,21.0,71,20.2,1431.9216666666666,10.9,0.612,0.5312499999999999,3.2,0.422,5.2,0.494,0.652,0.379,4.13,0.1,3.0,1.5,1.5,1.2000000000000028,0.6,1.5999999999999943,,,0.01,0.41,0.28
1642355,Bronny James,LAL,75,210,20.0,27,6.7,181.24333333333334,2.3,0.424,0.3846153846153846,1.3,0.281,1.2,0.458,0.621,0.385,4.25,0.1,0.7,0.8,0.5,-20.299999999999997,0.3,0.5,40.5,10.96,0.0,0.2,0.2
201572,Brook Lopez,MIL,85,282,37.0,80,31.8,2546.07,13.0,0.624,0.6400000000000001,4.999999999999999,0.373,4.7,0.468,0.586,0.366,3.88,1.9,5.0,1.8,1.1,2.700000000000003,0.6,3.200000000000003,30.5,12.77,0.0,0.23,2.06
1628971,Bruce Brown,NOP,76,202,28.0,41,22.5,921.53,8.3,0.504,0.45454545454545453,5.5,0.333,2.0,0.503,0.638,0.399,4.19,0.2,4.0,2.0,1.0,-6.1000000000000085,0.8,0.7000000000000028,38.0,11.11,0.0,0.39,0.41
1628981,Bruno Fernando,TOR,81,240,26.0,17,8.6,146.58,3.4,0.552,0.5172413793103449,2.9,0.0,0.0,0.471,0.704,0.286,4.16,0.5,3.0,1.1,0.8,-5.599999999999994,0.2,-7.1000000000000085,33.5,11.29,0.0,0.23,0.62
1631121,Bryce McGowens,POR,78,190,22.0,13,2.5,32.016666666666666,1.0,0.391,0.37499999999999994,0.8,0.0,0.3,0.571,1.0,0.375,4.27,0.0,0.2,0.2,0.3,-21.299999999999997,0.1,-16.700000000000003,34.0,11.12,0.0,0.0,0.0
1642267,Bub Carrington,WAS,76,190,19.0,82,30.0,2457.79,9.8,0.514,0.48780487804878053,4.1,0.339,5.0,0.484,0.644,0.374,4.43,0.3,4.2,4.4,1.7,-3.4000000000000057,0.7,4.099999999999994,36.5,11.28,0.02,0.48,0.28
1627741,Buddy Hield,GSW,76,220,32.0,82,22.7,1862.9883333333332,11.1,0.56,0.517241379310345,2.8999999999999995,0.37,6.7,0.483,0.621,0.364,4.67,0.3,3.2,1.6,1.1,0.09999999999999432,0.8,1.5999999999999943,,,0.0,0.4,0.21
203468,CJ McCollum,NOP,75,190,33.0,56,32.7,1831.6783333333333,21.1,0.55,0.4948453608247424,9.7,0.373,8.2,0.457,0.674,0.334,4.44,0.4,3.8,4.1,1.9,6.599999999999994,0.8,2.9000000000000057,38.5,11.02,0.04,0.64,0.34
1630595,Cade Cunningham,DET,78,220,23.0,70,35.0,2451.9466666666667,26.1,0.565,0.5202702702702703,14.8,0.356,6.0,0.441,0.563,0.373,4.29,0.8,6.1,9.1,4.4,5.299999999999997,1.0,2.299999999999997,,,0.03,0.73,0.64
1631216,Caleb Houstan,ORL,80,205,22.0,58,13.6,787.99,4.1,0.605,0.5999999999999996,0.5,0.4,2.8,0.485,0.672,0.404,4.49,0.1,1.3,0.6,0.2,-5.0,0.4,-0.3999999999999915,,,0.0,0.16,0.33
1628997,Caleb Martin,DAL,77,205,29.0,45,27.1,1218.0166666666667,7.9,0.513,0.46666666666666656,4.5,0.359,2.3,0.484,0.67,0.357,4.45,0.5,3.9,2.1,1.2,-5.0,1.0,-5.799999999999997,36.5,10.43,0.09,0.64,0.39
1642353,Cam Christie,LAC,78,190,19.0,13,4.5,58.64833333333333,1.4,0.349,0.37499999999999994,0.8,0.154,1.0,0.353,0.625,0.0,4.35,0.1,0.9,0.5,0.2,-16.900000000000006,0.4,-3.700000000000003,35.5,11.07,0.0,0.2,0.0
1629629,Cam Reddish,LAL,79,217,25.0,33,17.9,589.45,3.2,0.498,0.5714285714285714,1.4,0.277,1.4,0.452,0.556,0.329,4.24,0.3,2.0,0.7,0.4,-7.0,1.0,3.3000000000000114,,,0.0,0.61,0.19
1642285,Cam Spencer,MEM,76,205,25.0,25,10.1,252.24333333333334,4.2,0.587,0.5,1.1999999999999997,0.365,2.1,0.52,0.8,0.25,4.76,0.0,1.2,1.4,0.2,-0.5999999999999943,0.4,-2.9000000000000057,30.5,11.07,0.06,0.25,0.44
1630560,Cam Thomas,BKN,75,210,23.0,25,31.2,781.1566666666666,24.0,0.575,0.5096153846153847,10.399999999999999,0.349,7.8,0.5,0.699,0.346,4.19,0.1,3.3,3.8,2.5,8.900000000000006,0.6,7.099999999999994,,,0.0,0.5,0.17
1641715,Cam Whitmore,HOU,79,230,20.0,51,16.2,826.585,9.4,0.549,0.5116279069767441,4.300000000000001,0.355,3.6,0.439,0.619,0.321,4.02,0.3,3.0,1.0,0.9,-1.1999999999999886,0.6,3.299999999999997,40.5,10.82,0.0,0.48,0.16
1629661,Cameron Johnson,BKN,80,210,29.0,57,31.6,1799.7633333333333,18.8,0.632,0.5762711864406781,5.8999999999999995,0.39,7.2,0.465,0.63,0.342,4.27,0.4,4.3,3.4,1.7,7.0,0.9,4.299999999999997,36.5,10.52,0.05,0.6,0.49
1626166,Cameron Payne,NYK,75,183,30.0,72,15.1,1089.9766666666667,6.9,0.532,0.4615384615384615,2.6,0.363,3.6,0.462,0.602,0.382,4.26,0.2,1.4,2.8,0.7,0.19999999999998863,0.5,-6.700000000000003,35.5,10.9,0.18,0.21,0.25
1627747,Caris LeVert,ATL,78,205,30.0,64,24.9,1596.1066666666666,12.1,0.582,0.54,5.0,0.373,4.4,0.437,0.618,0.338,4.34,0.5,3.2,3.4,1.2,1.2999999999999972,0.9,2.8999999999999915,,,0.0,0.59,0.3
1641717,Cason Wallace,OKC,75,195,21.0,68,27.6,1876.26,8.4,0.562,0.5609756097560976,4.1,0.356,3.1,0.468,0.588,0.403,4.34,0.5,3.4,2.5,0.9,-2.0,1.8,3.299999999999997,36.0,10.82,0.0,0.91,0.37
1629646,Charles Bassey,SAS,82,230,24.0,36,10.4,375.515,4.4,0.597,0.5757575757575758,3.3,0.0,0.0,0.449,0.577,0.261,4.37,0.8,4.2,0.5,0.6,-12.400000000000006,0.4,1.9000000000000057,36.0,12.19,0.0,0.22,0.81
1631096,Chet Holmgren,OKC,85,208,23.0,32,27.4,876.54,15.0,0.599,0.5352112676056339,7.1,0.379,3.6,0.418,0.45,0.401,4.23,2.2,8.0,2.0,1.8,3.799999999999997,0.7,-0.30000000000001137,,,0.0,0.56,1.13
1628449,Chris Boucher,TOR,81,200,32.0,50,17.2,862.3,10.0,0.615,0.6285714285714286,3.5000000000000004,0.363,3.9,0.478,0.62,0.356,4.33,0.5,4.5,0.7,0.6,5.700000000000003,0.5,0.5999999999999943,,,0.06,0.3,0.52
1630537,Chris Duarte,CHI,77,190,28.0,17,4.4,74.46833333333333,2.1,0.61,0.4999999999999999,0.6,0.4,0.9,0.4,0.522,0.267,4.44,0.0,1.2,0.5,0.1,-6.799999999999997,0.0,-13.199999999999989,,,0.0,0.22,0.33
1641753,Chris Livingston,MIL,78,220,21.0,21,5.0,105.81,1.4,0.441,0.4444444444444445,0.9,0.0,0.4,0.479,0.625,0.333,4.38,0.0,1.7,0.2,0.3,-26.10000000000001,0.2,-10.799999999999997,37.0,11.65,0.0,0.21,0.21
101108,Chris Paul,SAS,72,175,40.0,82,28.0,2292.1633333333334,8.8,0.58,0.5000000000000001,2.5999999999999996,0.377,4.5,0.486,0.622,0.39,3.66,0.3,3.6,7.4,1.6,5.6000000000000085,1.3,0.5999999999999943,38.0,11.09,0.0,0.78,0.2
1631128,Christian Braun,DEN,78,220,24.0,79,33.9,2675.383333333333,15.4,0.665,0.6447368421052632,7.6000000000000005,0.397,2.8,0.481,0.584,0.44,4.35,0.5,5.2,2.6,1.0,16.0,1.1,2.200000000000003,40.0,11.0,0.05,0.65,0.34
1631132,Christian Koloko,LAL,84,225,25.0,37,9.2,341.53,2.4,0.624,0.6470588235294118,1.7,0.0,0.1,0.438,0.543,0.34,4.34,0.4,2.5,0.4,0.3,-10.899999999999991,0.2,-8.200000000000003,33.5,11.3,0.0,0.26,0.66
1629643,Chuma Okeke,CLE,79,229,26.0,9,21.9,196.68,5.9,0.641,0.7692307692307693,1.3000000000000003,0.393,3.1,0.57,0.686,0.471,4.43,0.4,5.2,1.7,0.3,3.200000000000003,0.6,-9.399999999999991,,,0.0,0.63,0.5
203991,Clint Capela,ATL,82,256,31.0,55,21.4,1176.4333333333334,8.9,0.564,0.5633802816901409,7.1,0.0,0.0,0.474,0.541,0.4,4.17,1.0,8.5,1.1,0.9,-5.799999999999997,0.6,-3.0999999999999943,,,0.16,0.53,1.49
1629632,Coby White,CHI,77,195,25.0,74,33.1,2450.2566666666667,20.4,0.601,0.5555555555555556,7.199999999999999,0.37,7.9,0.495,0.681,0.369,4.19,0.2,3.7,4.5,2.4,0.20000000000000284,0.9,3.3000000000000114,,,0.04,0.6,0.16
1628998,Cody Martin,PHX,78,205,29.0,53,22.1,1173.2066666666667,6.8,0.509,0.5454545454545455,3.3,0.285,2.8,0.478,0.61,0.352,4.46,0.6,4.2,2.0,1.0,-13.899999999999991,1.1,-7.5,35.5,10.44,0.1,0.92,0.73
1642262,Cody Williams,UTA,79,190,20.0,50,21.2,1059.6116666666667,4.6,0.419,0.41666666666666674,2.3999999999999995,0.259,2.7,0.483,0.615,0.419,4.59,0.3,2.3,1.2,0.9,-9.0,0.5,-0.09999999999999432,35.5,11.17,0.0,0.24,0.18
1641732,Colby Jones,WAS,78,207,23.0,39,13.2,514.6483333333333,4.0,0.544,0.5500000000000002,1.9999999999999998,0.327,1.3,0.469,0.654,0.299,4.75,0.3,2.2,1.1,0.6,-10.300000000000011,0.7,-12.799999999999997,35.0,11.14,0.03,0.28,0.28
1630175,Cole Anthony,MEM,74,185,25.0,67,18.4,1234.1133333333332,9.4,0.531,0.47916666666666663,4.8,0.353,3.3,0.475,0.591,0.411,4.35,0.5,3.0,2.9,1.5,-0.5999999999999943,0.7,1.2000000000000028,,,0.05,0.57,0.21
1631306,Cole Swider,IND,80,220,26.0,10,17.0,169.5,5.9,0.465,0.4375000000000002,1.5999999999999996,0.319,4.7,0.391,0.636,0.179,4.63,0.2,2.7,0.3,0.4,2.299999999999997,0.4,-5.0,,,0.1,0.1,0.2
1630658,Colin Castleton,TOR,82,250,25.0,26,16.6,431.99,4.7,0.536,0.53125,3.1999999999999997,0.125,0.6,0.444,0.531,0.353,4.22,0.4,4.7,1.1,0.9,3.299999999999997,0.3,0.0,,,0.0,0.22,0.74
1631221,Collin Gillespie,PHX,73,195,26.0,33,14.0,461.2183333333333,5.9,0.578,0.4285714285714287,2.0999999999999996,0.433,2.7,0.515,0.658,0.451,4.59,0.2,2.4,2.4,0.5,1.3999999999999915,0.6,1.3000000000000114,33.0,10.95,0.03,0.55,0.31
1629012,Collin Sexton,UTA,75,190,26.0,63,27.9,1757.76,18.4,0.593,0.5157894736842105,9.5,0.406,4.3,0.473,0.673,0.35,4.04,0.1,2.7,4.2,2.5,2.6000000000000085,0.7,-0.7999999999999972,,,0.0,0.48,0.24
1630557,Corey Kispert,WAS,78,224,26.0,61,26.3,1601.5233333333333,11.6,0.584,0.5641025641025641,3.9000000000000004,0.364,5.4,0.462,0.633,0.372,4.59,0.2,3.0,1.7,1.0,6.299999999999997,0.4,0.5999999999999943,37.5,10.91,0.0,0.42,0.37
202709,Cory Joseph,ORL,74,200,33.0,50,12.2,611.7333333333333,3.5,0.547,0.3999999999999999,1.0,0.364,2.1,0.492,0.693,0.292,4.52,0.1,1.5,1.4,0.4,2.299999999999997,0.5,-1.8999999999999915,35.0,10.75,0.02,0.3,0.18
1641854,Craig Porter Jr.,CLE,73,180,25.0,51,10.1,513.265,3.7,0.61,0.5555555555555554,1.8000000000000003,0.438,0.9,0.471,0.597,0.389,4.39,0.3,1.3,1.4,0.7,-14.0,0.3,2.4000000000000057,,,0.0,0.27,0.07
1642385,Cui Cui,BKN,77,190,22.0,5,2.1,10.318333333333333,0.6,0.19,0.25000000000000006,0.7999999999999999,0.0,0.6,0.5,0.667,0.0,4.2,0.0,0.4,0.0,0.0,-32.60000000000001,0.0,-41.400000000000006,,,0.0,0.0,0.0
1626156,D'Angelo Russell,BKN,75,193,29.0,58,25.5,1480.4183333333333,12.6,0.522,0.5,4.8,0.314,6.2,0.485,0.637,0.356,4.17,0.4,2.8,5.1,1.9,5.599999999999994,1.0,-3.200000000000003,,,0.02,0.3,0.25
1630618,D.J. Carton,TOR,75,200,24.0,4,8.3,33.38666666666666,0.8,0.202,0.3,1.0,0.0,0.8,0.625,0.4,1.0,5.15,0.0,1.0,0.8,1.0,-1.9000000000000057,0.5,-19.80000000000001,,,0.0,0.0,0.0
1629610,DaQuan Jeffries,CHA,77,222,27.0,47,22.8,1071.5066666666667,6.7,0.518,0.48148148148148145,2.7,0.335,3.5,0.436,0.609,0.356,4.27,0.5,2.9,1.1,0.7,0.8999999999999915,0.6,4.6000000000000085,,,0.0,0.38,0.49
1631342,Daeqwon Plowden,ATL,78,216,26.0,6,11.9,71.55,7.2,0.831,0.8571428571428571,1.4000000000000004,0.529,2.8,0.5,0.688,0.125,4.59,0.0,1.8,0.3,0.7,-11.5,0.0,-32.2,,,0.0,0.25,0.5
1630227,Daishen Nix,MIN,76,238,23.0,3,4.4,13.233333333333333,0.3,0.266,,0.0,0.0,0.3,0.333,,0.333,3.7,0.0,1.3,1.0,1.3,-8.0,0.0,-30.60000000000001,36.5,11.72,0.0,0.0,0.0
1630625,Dalano Banton,POR,80,203,25.0,67,16.7,1119.945,8.3,0.497,0.4418604651162791,4.3,0.324,3.3,0.444,0.613,0.306,4.31,0.5,2.0,2.4,1.3,0.10000000000000853,0.6,-1.5,,,0.02,0.22,0.21
1631207,Dalen Terry,CHI,79,195,22.0,73,13.5,987.1783333333333,4.5,0.546,0.47826086956521735,2.3000000000000003,0.356,1.4,0.418,0.525,0.313,4.74,0.2,1.7,1.3,0.7,-11.099999999999994,0.6,-2.9000000000000057,,,0.01,0.34,0.22
1642261,Dalton Knecht,LAL,78,215,24.0,78,19.2,1493.795,9.1,0.594,0.6296296296296297,2.6999999999999993,0.376,4.4,0.491,0.646,0.379,4.23,0.1,2.8,0.8,0.5,-2.200000000000003,0.3,3.5,39.0,10.56,0.0,0.25,0.27
203081,Damian Lillard,MIL,74,195,34.0,58,36.1,2092.87,24.9,0.621,0.5308641975308642,8.100000000000001,0.376,9.0,0.461,0.623,0.355,4.1,0.2,4.7,7.1,2.8,2.299999999999997,1.2,5.799999999999997,39.5,11.15,0.03,0.47,0.33
1641878,Damion Baugh,CHA,76,194,24.0,15,24.7,370.48833333333334,7.3,0.399,0.4,4.999999999999999,0.214,3.7,0.544,0.729,0.432,4.35,0.1,3.3,3.7,2.1,-5.099999999999994,1.0,3.8999999999999915,,,0.0,0.4,0.47
1627814,Damion Lee,PHX,78,210,32.0,25,5.8,144.01833333333335,3.3,0.499,0.46666666666666673,1.5,0.243,1.5,0.446,0.591,0.24,4.44,0.0,0.8,0.4,0.4,-10.299999999999997,0.2,-19.599999999999994,,,0.0,0.14,0.14
1629655,Daniel Gafford,DAL,82,265,26.0,57,21.5,1226.095,12.3,0.716,0.7042253521126761,7.1,0.0,0.0,0.456,0.486,0.392,4.35,1.8,6.8,1.4,1.2,3.4000000000000057,0.4,-0.19999999999998863,36.5,11.61,0.02,0.56,1.58
1628464,Daniel Theis,NOP,80,245,33.0,38,16.3,621.2416666666667,4.3,0.558,0.5833333333333334,2.4,0.243,1.0,0.491,0.6,0.349,4.13,0.5,4.3,1.6,0.7,1.0999999999999943,0.5,-2.8999999999999915,,,0.08,0.49,1.43
1642450,Daniss Jenkins,DET,75,165,23.0,7,3.2,22.748333333333335,1.0,0.322,0.7500000000000003,0.3999999999999999,0.143,1.0,0.5,1.0,0.0,3.95,0.0,0.3,0.4,0.1,-12.299999999999997,0.0,-4.200000000000003,,,0.0,0.0,0.0
203957,Dante Exum,DAL,77,214,29.0,20,18.6,372.31,8.7,0.589,0.5,4.0,0.434,2.7,0.528,0.639,0.422,4.38,0.2,1.7,2.8,1.1,-4.6000000000000085,0.6,0.6000000000000085,34.5,10.75,0.1,0.25,0.1
203967,Dario Saric,DEN,82,225,31.0,16,13.1,210.38333333333333,3.5,0.449,0.45,2.0,0.269,1.6,0.514,0.694,0.306,4.08,0.1,3.1,1.4,0.9,-22.60000000000001,0.4,-6.5,,,0.0,0.53,0.93
1641727,Dariq Whitehead,BKN,78,220,20.0,20,12.3,246.07833333333335,5.7,0.58,0.2727272727272729,1.0999999999999996,0.446,3.7,0.453,0.741,0.39,4.11,0.1,1.5,0.6,0.8,-9.899999999999991,0.3,-5.799999999999997,,,0.0,0.13,0.13
1629636,Darius Garland,CLE,73,192,25.0,75,30.7,2300.77,20.6,0.6,0.5348837209302326,8.6,0.401,7.1,0.466,0.615,0.367,4.25,0.1,2.9,6.7,2.5,8.400000000000006,1.2,6.800000000000011,,,0.04,0.53,0.09
1630561,David Duke Jr.,SAS,76,204,25.0,6,5.6,33.71666666666667,2.7,0.538,0.3846153846153847,1.2999999999999998,0.5,1.0,0.385,0.6,0.286,4.25,0.0,0.8,0.7,0.3,15.100000000000009,0.2,-24.799999999999997,39.0,11.21,0.0,0.75,0.5
1631223,David Roddy,HOU,76,255,24.0,33,12.4,409.75333333333333,4.6,0.561,0.5500000000000002,1.9999999999999998,0.311,1.8,0.453,0.538,0.357,4.46,0.3,2.5,1.1,0.7,-5.3999999999999915,0.4,1.3999999999999915,35.5,10.75,0.0,0.23,0.33
1630558,Davion Mitchell,MIA,72,202,26.0,74,27.4,2027.3133333333333,7.9,0.573,0.5428571428571428,3.5000000000000004,0.398,2.9,0.458,0.64,0.374,4.29,0.2,2.3,4.9,1.7,3.0,1.0,-3.4000000000000057,,,0.14,0.56,0.32
1630549,Day'Ron Sharpe,BKN,81,265,23.0,50,18.1,907.4583333333334,7.9,0.568,0.5740740740740741,5.3999999999999995,0.244,0.9,0.462,0.572,0.305,4.29,0.8,6.6,1.8,1.3,2.9000000000000057,0.8,-9.5,,,0.02,0.42,1.78
1628368,De'Aaron Fox,SAS,75,185,27.0,62,36.1,2241.1366666666668,23.5,0.56,0.5354330708661416,12.700000000000001,0.31,6.1,0.476,0.673,0.386,4.25,0.4,4.8,6.3,2.8,0.5,1.5,2.799999999999997,,,0.02,0.66,0.24
1629631,De'Andre Hunter,CLE,80,221,27.0,64,27.2,1740.015,17.0,0.623,0.5344827586206895,5.800000000000001,0.405,6.1,0.451,0.583,0.353,4.14,0.2,4.0,1.4,1.3,3.799999999999997,0.8,3.0,,,0.0,0.45,0.73
1629001,De'Anthony Melton,BKN,75,200,27.0,6,20.2,120.98333333333333,10.3,0.539,0.46875,3.2,0.371,5.8,0.429,0.667,0.357,4.47,0.3,3.3,2.8,1.7,-3.700000000000003,1.2,-10.699999999999989,36.5,11.48,0.0,0.5,0.33
201599,DeAndre Jordan,DEN,83,265,36.0,56,12.3,690.7016666666667,3.7,0.621,0.64,2.5,0.0,0.0,0.421,0.574,0.286,3.63,0.5,5.1,0.9,0.7,-11.5,0.3,-3.1000000000000085,30.5,12.3,0.0,0.2,1.23
201942,DeMar DeRozan,SAC,78,220,35.0,77,35.9,2767.615,22.2,0.569,0.5109489051094891,13.7,0.328,3.3,0.5,0.621,0.393,3.97,0.4,3.9,4.4,1.4,6.8999999999999915,0.8,4.099999999999994,38.5,11.88,0.05,0.44,0.51
1629731,Dean Wade,CLE,81,228,28.0,59,21.2,1252.4516666666666,5.4,0.563,0.6250000000000001,0.7999999999999998,0.36,3.8,0.465,0.585,0.375,4.45,0.3,4.2,1.3,0.4,0.4000000000000057,0.7,-2.0999999999999943,,,0.0,0.38,0.88
1629028,Deandre Ayton,POR,84,252,26.0,40,30.1,1205.62,14.4,0.583,0.5871559633027523,10.899999999999999,0.188,0.8,0.479,0.593,0.375,3.86,1.0,10.2,1.6,1.7,-0.29999999999999716,0.8,5.099999999999994,,,0.0,0.4,1.5
1627749,Dejounte Murray,NOP,76,180,28.0,31,32.6,1012.1483333333333,17.5,0.494,0.44660194174757273,10.3,0.299,5.6,0.514,0.658,0.4,4.37,0.4,6.5,7.4,3.4,-0.4000000000000057,2.0,-0.4000000000000057,,,0.0,0.52,0.29
1626153,Delon Wright,NYK,77,185,33.0,40,15.9,634.4966666666667,3.1,0.44,0.40000000000000013,1.4999999999999998,0.274,1.8,0.445,0.589,0.289,4.33,0.3,1.7,1.9,0.6,-13.0,0.9,-12.100000000000009,31.0,11.16,0.03,0.35,0.03
1630166,Deni Avdija,POR,81,240,24.0,72,30.0,2161.1483333333335,16.9,0.605,0.5652173913043478,6.8999999999999995,0.365,4.8,0.485,0.624,0.364,4.2,0.5,7.3,3.9,2.7,7.799999999999997,1.0,4.400000000000006,,,0.0,0.63,0.39
203471,Dennis Schröder,DET,73,175,31.0,75,28.1,2104.778333333333,13.1,0.531,0.45901639344262296,6.1,0.342,4.9,0.482,0.619,0.371,4.36,0.2,2.6,5.4,1.9,-11.100000000000009,0.9,-1.5,34.0,11.09,0.11,0.69,0.23
1641726,Dereck Lively II,DAL,85,230,21.0,36,23.1,832.7366666666667,8.7,0.704,0.6981132075471699,5.3,0.0,0.0,0.459,0.556,0.385,4.37,1.6,7.5,2.4,1.1,1.3999999999999915,0.6,-9.699999999999989,,,0.0,0.36,1.67
1627884,Derrick Jones Jr.,LAC,78,210,28.0,77,24.3,1873.3883333333333,10.1,0.609,0.625,4.8,0.356,2.8,0.464,0.707,0.33,4.27,0.4,3.4,0.8,0.9,4.299999999999997,1.0,0.7999999999999972,,,0.0,0.53,0.55
1628401,Derrick White,BOS,76,190,30.0,76,33.9,2573.615,16.4,0.606,0.5999999999999999,3.5,0.384,9.1,0.438,0.583,0.311,4.01,1.1,4.5,4.8,1.7,3.9000000000000057,0.9,0.9000000000000057,36.5,10.84,0.12,0.76,0.12
1630217,Desmond Bane,ORL,77,215,27.0,69,32.0,2205.225,19.2,0.6,0.5402298850574712,8.700000000000001,0.392,6.1,0.434,0.561,0.36,4.46,0.4,6.1,5.3,2.4,0.3999999999999915,1.2,4.5,,,0.0,0.72,0.46
1626164,Devin Booker,PHX,78,206,28.0,75,37.3,2794.9666666666667,25.6,0.589,0.5431034482758621,11.599999999999998,0.332,7.3,0.493,0.62,0.41,4.0,0.2,4.1,7.1,2.9,6.3999999999999915,0.9,6.900000000000006,34.5,10.27,0.03,0.84,0.52
1642269,Devin Carter,SAC,74,195,23.0,36,11.0,395.9433333333333,3.8,0.471,0.4444444444444445,1.8,0.295,1.7,0.526,0.75,0.444,4.57,0.1,2.1,1.1,0.5,-2.5,0.6,-6.200000000000003,42.0,10.63,0.06,0.3,0.06
1630170,Devin Vassell,SAS,77,200,24.0,64,31.0,1983.185,16.3,0.553,0.513888888888889,7.2,0.368,6.7,0.498,0.59,0.418,4.29,0.5,4.0,2.9,1.4,-1.1999999999999886,1.3,5.8999999999999915,,,0.0,0.64,0.14
1628415,Dillon Brooks,HOU,78,225,29.0,75,31.8,2388.2616666666668,14.0,0.555,0.4642857142857142,5.6000000000000005,0.397,6.3,0.468,0.588,0.399,4.02,0.2,3.7,1.7,1.0,-0.7999999999999972,0.8,0.3999999999999915,37.5,11.14,0.05,0.28,0.61
1641794,Dillon Jones,OKC,77,235,23.0,54,10.2,551.4933333333333,2.5,0.464,0.46153846153846156,1.3,0.254,1.2,0.422,0.552,0.337,4.29,0.1,2.2,1.1,0.5,-11.599999999999994,0.3,-3.6999999999999886,33.5,11.08,0.0,0.26,0.32
1627734,Domantas Sabonis,SAC,82,240,29.0,70,34.7,2428.8766666666666,19.1,0.655,0.6226415094339621,10.600000000000001,0.417,2.2,0.499,0.609,0.389,4.2,0.4,13.9,6.0,2.9,4.5,0.7,-0.8999999999999915,,,0.0,0.7,2.99
1631230,Dominick Barlow,ATL,80,215,22.0,35,10.7,374.99833333333333,4.2,0.58,0.6249999999999999,2.4000000000000004,0.259,0.8,0.483,0.585,0.407,4.58,0.5,2.4,0.5,0.1,-3.5,0.3,-2.9000000000000057,34.0,11.29,0.0,0.31,0.22
1642270,Donovan Clingan,POR,86,280,21.0,67,19.8,1323.6433333333334,6.5,0.574,0.5813953488372093,4.3,0.286,0.7,0.429,0.508,0.334,4.2,1.6,7.9,1.1,1.1,0.20000000000000284,0.5,-4.5,29.0,12.06,0.0,0.24,1.27
1628378,Donovan Mitchell,CLE,75,215,28.0,71,31.4,2232.0333333333333,24.0,0.575,0.5051546391752576,9.700000000000001,0.368,8.9,0.442,0.587,0.364,4.02,0.2,4.5,5.0,2.1,1.5,1.3,-2.3000000000000114,40.5,11.53,0.04,0.81,0.44
1628978,Donte DiVincenzo,MIN,76,203,28.0,62,25.9,1605.7333333333333,11.7,0.582,0.4800000000000001,2.5,0.397,7.1,0.467,0.611,0.379,4.26,0.3,3.7,3.6,1.6,-0.5999999999999943,1.2,-1.3000000000000114,42.0,10.72,0.03,0.58,0.24
1627827,Dorian Finney-Smith,LAL,79,220,32.0,63,28.9,1818.6783333333333,8.7,0.604,0.5789473684210525,1.9000000000000004,0.411,5.0,0.448,0.596,0.314,4.17,0.4,3.9,1.4,0.9,9.900000000000006,0.9,-4.800000000000011,35.5,11.01,0.02,0.44,0.78
203926,Doug McDermott,SAC,78,225,33.0,42,8.1,341.65166666666664,3.5,0.617,0.5,0.3999999999999999,0.436,2.4,0.444,0.556,0.361,4.5,0.0,0.5,0.2,0.1,-4.299999999999997,0.1,-5.3999999999999915,36.5,11.1,0.0,0.0,0.13
203110,Draymond Green,GSW,78,230,35.0,68,29.2,1983.3066666666666,9.0,0.534,0.5128205128205129,3.9,0.325,3.6,0.432,0.544,0.349,3.91,1.0,6.1,5.6,2.6,5.5,1.5,-1.5,33.0,11.01,0.21,0.66,1.57
1629234,Drew Eubanks,LAC,82,245,28.0,61,12.2,746.01,4.6,0.622,0.6129032258064515,3.1,0.5,0.1,0.449,0.576,0.276,4.36,0.6,3.7,0.9,0.7,-10.099999999999994,0.2,-0.7000000000000028,,,0.02,0.16,0.71
1641809,Drew Peterson,BOS,81,205,25.0,25,7.4,186.14666666666668,2.2,0.601,0.6666666666666664,0.30000000000000004,0.394,1.3,0.339,0.37,0.208,4.21,0.1,1.6,0.5,0.3,-3.799999999999997,0.2,-7.199999999999989,,,0.0,0.16,0.37
1631166,Drew Timme,BKN,82,235,24.0,9,28.2,253.87833333333333,12.1,0.5,0.5405405405405405,7.4,0.257,3.9,0.487,0.636,0.357,4.38,0.1,7.2,2.2,1.7,-5.5,0.4,-2.5999999999999943,30.5,10.93,0.22,0.33,1.56
1630696,Dru Smith,MIA,74,203,27.0,14,19.2,268.205,6.2,0.656,0.47826086956521735,2.3000000000000003,0.533,2.1,0.437,0.533,0.367,4.37,0.4,2.6,1.6,1.2,-5.400000000000006,1.5,-12.299999999999997,,,0.29,0.71,0.21
1629130,Duncan Robinson,MIA,79,215,31.0,74,24.1,1785.595,11.0,0.595,0.5199999999999999,2.5,0.393,6.5,0.468,0.711,0.296,4.4,0.1,2.3,2.4,1.2,-1.6000000000000085,0.5,-2.0,,,0.11,0.26,0.4
1641871,Duop Reath,POR,81,245,29.0,46,10.2,469.4266666666667,4.2,0.552,0.6153846153846153,1.3000000000000003,0.321,2.3,0.506,0.624,0.388,4.23,0.3,2.0,0.6,0.3,-2.799999999999997,0.3,1.2000000000000028,,,0.0,0.18,0.56
203939,Dwight Powell,DAL,82,240,33.0,55,10.0,550.86,2.1,0.713,0.8,1.0,0.4,0.1,0.49,0.613,0.359,4.46,0.4,2.1,1.0,0.3,-5.200000000000003,0.3,-5.299999999999997,35.0,11.28,0.06,0.21,0.65
1630700,Dyson Daniels,ATL,79,199,22.0,76,33.8,2571.17,14.1,0.545,0.5444444444444445,9.0,0.34,3.1,0.486,0.609,0.38,4.49,0.7,5.9,4.4,2.0,2.200000000000003,3.0,2.1000000000000085,34.0,10.81,0.0,1.04,0.33
1630604,E.J. Liddell,CHI,78,240,24.0,12,4.4,52.85666666666667,1.8,0.661,0.7999999999999999,0.5,0.3,0.8,0.538,0.545,0.6,4.36,0.1,0.8,0.3,0.2,4.800000000000011,0.1,11.800000000000011,38.0,11.11,0.0,0.13,0.25
203901,Elfrid Payton,NOP,75,195,31.0,24,21.3,510.805,3.5,0.34,0.3541666666666667,4.8,0.167,0.3,0.41,0.582,0.3,4.24,0.5,3.3,6.9,2.5,1.0,1.0,-6.6000000000000085,35.5,11.06,0.0,0.17,0.26
1641989,Elijah Harkless,UTA,75,195,25.0,10,13.8,138.0,3.2,0.425,0.40000000000000013,1.0,0.28,2.5,0.5,0.765,0.286,4.17,0.1,2.1,0.8,0.3,3.700000000000003,1.0,-16.5,,,0.13,0.5,0.38
1641801,Emanuel Miller,CHI,79,215,25.0,6,4.1,24.733333333333334,1.7,0.563,0.6363636363636362,1.1,0.0,0.2,0.5,,0.4,4.2,0.0,1.3,0.3,0.0,6.900000000000006,0.2,16.700000000000003,,,0.0,0.0,0.33
1641734,Emoni Bates,CLE,80,202,21.0,10,7.5,74.78333333333333,3.7,0.487,0.25,0.7999999999999998,0.367,3.0,0.391,0.462,0.4,4.25,0.1,0.7,0.8,0.2,-32.5,0.1,-1.2999999999999972,32.5,11.54,0.0,0.17,0.33
1642402,Enrique Freeman,IND,79,220,24.0,22,8.2,181.205,2.1,0.507,0.5833333333333334,1.2,0.1,0.5,0.463,0.656,0.3,4.64,0.1,1.4,0.4,0.3,-11.299999999999997,0.1,-2.5999999999999943,35.0,10.99,0.0,0.11,0.5
201569,Eric Gordon,PHI,75,215,36.0,39,19.7,768.4916666666667,6.8,0.591,0.47058823529411775,1.7000000000000002,0.409,3.5,0.48,0.688,0.341,3.78,0.3,1.2,1.7,0.7,0.9000000000000057,0.7,-0.3999999999999915,40.0,10.81,0.0,0.27,0.24
1630596,Evan Mobley,CLE,83,215,24.0,71,30.5,2166.555,18.5,0.633,0.6145833333333331,9.600000000000001,0.37,3.2,0.445,0.544,0.336,4.22,1.6,9.3,3.2,2.0,3.200000000000003,0.9,-2.8000000000000114,,,0.0,0.8,1.63
1630532,Franz Wagner,ORL,82,220,23.0,60,33.7,2023.3066666666666,24.2,0.558,0.5407407407407407,13.499999999999998,0.295,5.9,0.476,0.645,0.366,4.43,0.4,5.7,4.7,2.3,7.8999999999999915,1.3,-4.299999999999997,,,0.08,0.67,0.45
1627832,Fred VanVleet,HOU,72,197,31.0,60,35.2,2111.298333333333,14.1,0.515,0.42,4.999999999999999,0.345,7.7,0.461,0.6,0.322,4.08,0.4,3.7,5.6,1.5,2.4000000000000057,1.6,-0.9000000000000057,,,0.02,0.75,0.47
1641713,GG Jackson,MEM,81,210,20.0,29,15.8,458.615,7.2,0.482,0.41666666666666663,3.6000000000000005,0.337,3.3,0.483,0.623,0.397,4.42,0.2,3.2,1.0,1.1,-4.599999999999994,0.4,7.3999999999999915,37.0,11.39,0.0,0.37,0.22
1629216,Gabe Vincent,LAL,74,200,29.0,72,21.2,1527.265,6.4,0.536,0.5333333333333332,1.5,0.353,4.3,0.45,0.642,0.352,4.23,0.2,1.3,1.4,0.6,-3.0,0.7,-2.8999999999999915,,,0.17,0.42,0.39
202066,Garrett Temple,TOR,77,195,39.0,28,8.1,226.76833333333335,1.9,0.406,0.3636363636363636,1.1,0.214,1.0,0.473,0.613,0.471,4.36,0.1,1.0,1.1,0.4,-3.1000000000000085,0.6,-2.4000000000000057,,,0.05,0.21,0.11
1629726,Garrison Mathews,ATL,78,215,28.0,47,17.6,829.5083333333333,7.5,0.606,0.4444444444444444,0.9000000000000004,0.39,4.6,0.507,0.663,0.437,4.4,0.3,1.9,1.3,0.7,-6.5,0.6,-3.299999999999997,,,0.24,0.29,0.31
203914,Gary Harris,ORL,76,210,30.0,48,14.8,710.71,3.0,0.524,0.4285714285714288,0.6999999999999997,0.356,2.1,0.426,0.575,0.33,4.33,0.3,1.3,0.6,0.4,2.4000000000000057,0.5,-6.200000000000003,,,0.0,0.36,0.2
1627780,Gary Payton II,GSW,74,195,32.0,62,15.0,927.1766666666666,6.5,0.635,0.6969696969696969,3.3,0.326,1.5,0.477,0.574,0.372,4.8,0.3,3.0,1.3,0.6,1.2999999999999972,0.8,0.5999999999999943,38.5,11.57,0.0,0.51,0.36
1629018,Gary Trent Jr.,MIL,77,204,26.0,74,25.6,1893.395,11.1,0.591,0.4666666666666666,3.0,0.416,5.9,0.493,0.691,0.354,4.0,0.1,2.3,1.2,0.6,3.8000000000000114,1.0,4.900000000000006,39.5,11.37,0.0,0.26,0.08
1627777,Georges Niang,ATL,79,230,32.0,79,21.5,1697.2333333333333,9.9,0.607,0.576923076923077,2.5999999999999996,0.406,5.2,0.492,0.626,0.4,4.31,0.2,3.4,1.4,1.0,3.5999999999999943,0.4,7.6000000000000085,31.0,11.64,0.04,0.36,0.79
203507,Giannis Antetokounmpo,MIL,83,243,30.0,67,34.2,2288.63,30.4,0.625,0.6170212765957447,18.8,0.222,0.9,0.453,0.569,0.361,4.0,1.2,11.9,6.5,3.1,11.0,0.9,0.0,,,0.0,0.66,0.9
1629048,Goga Bitadze,ORL,82,250,25.0,70,20.4,1429.4616666666666,7.2,0.631,0.6818181818181819,4.3999999999999995,0.107,0.4,0.45,0.609,0.305,4.11,1.4,6.6,2.0,1.0,3.0,0.7,-1.0999999999999943,,,0.0,0.39,1.54
1641711,Gradey Dick,TOR,78,200,21.0,54,29.4,1587.3733333333332,14.4,0.543,0.46666666666666673,6.0,0.35,6.0,0.499,0.665,0.388,4.59,0.2,3.6,1.8,1.5,2.5999999999999943,0.9,5.799999999999997,34.0,11.13,0.11,0.61,0.26
1629684,Grant Williams,CHA,78,236,26.0,16,29.9,479.025,10.4,0.596,0.5483870967741934,3.1000000000000005,0.365,4.6,0.474,0.654,0.326,3.87,0.8,5.1,2.3,1.8,9.600000000000009,1.1,-2.5,31.5,10.83,0.31,0.69,2.25
1628960,Grayson Allen,PHX,76,198,29.0,64,24.1,1543.705,10.6,0.631,0.523809523809524,2.0999999999999996,0.426,5.5,0.473,0.613,0.351,4.29,0.3,3.0,2.1,1.2,2.6000000000000085,0.8,2.799999999999997,40.5,10.31,0.02,0.59,0.4
1627824,Guerschon Yabusele,PHI,80,265,29.0,70,27.1,1894.7366666666667,11.0,0.616,0.6097560975609757,4.1,0.38,3.9,0.521,0.64,0.398,4.12,0.3,5.6,2.1,1.2,7.099999999999994,0.8,0.9000000000000057,,,0.11,0.54,1.63
1630611,Gui Santos,GSW,78,185,23.0,56,13.6,761.5233333333333,4.1,0.575,0.6428571428571428,1.4000000000000001,0.33,1.8,0.466,0.534,0.383,4.63,0.2,3.1,1.4,0.8,5.599999999999994,0.4,-3.299999999999997,,,0.0,0.46,0.75
203084,Harrison Barnes,SAS,80,225,33.0,82,27.2,2230.0633333333335,12.3,0.656,0.5897435897435898,3.9000000000000004,0.433,4.4,0.504,0.646,0.375,4.42,0.2,3.8,1.7,0.6,5.700000000000003,0.5,1.8999999999999915,39.5,10.93,0.01,0.43,0.79
1631127,Harrison Ingram,SAS,77,230,22.0,5,7.0,34.75,0.8,0.5,0.6666666666666666,0.6000000000000001,0.0,0.2,0.625,0.5,0.5,4.13,0.0,1.8,0.6,0.2,18.700000000000003,0.6,-24.599999999999994,35.0,11.36,0.0,0.2,0.0
1629312,Haywood Highsmith,MIA,77,220,28.0,74,24.6,1818.3266666666666,6.5,0.583,0.5454545454545455,2.1999999999999997,0.382,3.1,0.473,0.612,0.39,4.55,0.5,3.4,1.5,0.7,0.7999999999999972,0.9,-1.0,,,0.0,0.42,0.54
1630529,Herbert Jones,NOP,79,206,26.0,20,32.4,648.1316666666667,10.3,0.541,0.5399999999999999,5.0,0.306,3.6,0.5,0.648,0.425,4.35,0.5,3.9,3.3,1.8,2.799999999999997,1.9,-7.400000000000006,36.5,11.02,0.2,0.45,1.0
1641816,Hunter Tyson,DEN,80,215,25.0,51,7.8,399.935,2.6,0.506,0.44444444444444453,0.8999999999999999,0.311,1.5,0.483,0.66,0.4,4.54,0.1,1.5,0.4,0.3,-22.200000000000003,0.2,-6.5,,,0.03,0.28,0.2
1630193,Immanuel Quickley,TOR,74,190,26.0,33,27.8,917.7533333333333,17.1,0.57,0.4615384615384614,6.500000000000001,0.378,6.8,0.49,0.639,0.41,4.43,0.1,3.5,5.8,1.8,0.29999999999999716,0.7,-2.799999999999997,35.5,11.21,0.0,0.34,0.28
1642403,Isaac Jones,SAC,81,245,24.0,40,7.6,303.86333333333334,3.4,0.678,0.6842105263157894,1.9000000000000001,0.375,0.2,0.456,0.55,0.321,4.4,0.3,1.4,0.3,0.4,-11.900000000000006,0.1,0.19999999999998863,35.0,11.49,0.0,0.15,0.33
1630171,Isaac Okoro,CLE,77,225,24.0,55,19.1,1053.2033333333334,6.1,0.587,0.5909090909090908,2.2,0.371,2.7,0.423,0.538,0.353,4.42,0.3,2.4,1.2,0.4,2.799999999999997,0.6,-1.7999999999999972,,,0.04,0.48,0.56
1642268,Isaiah Collier,UTA,75,210,20.0,71,25.9,1839.1066666666666,8.7,0.494,0.49999999999999994,5.4,0.249,2.4,0.508,0.694,0.392,4.23,0.2,3.3,6.3,2.9,-1.0,0.9,0.7999999999999972,34.0,10.77,0.06,0.51,0.1
1642384,Isaiah Crawford,SAC,78,220,23.0,15,3.0,45.666666666666664,0.9,0.509,0.5,0.39999999999999997,0.2,0.3,0.357,0.167,0.5,4.19,0.1,0.5,0.1,0.1,-3.799999999999997,0.1,-22.799999999999997,,,0.0,0.0,0.5
1628392,Isaiah Hartenstein,OKC,84,250,27.0,57,27.9,1589.6416666666667,11.2,0.599,0.6049382716049383,8.1,0.0,0.3,0.464,0.592,0.377,4.44,1.1,10.7,3.8,1.7,0.0,0.8,0.20000000000000284,,,0.0,0.53,2.63
1630543,Isaiah Jackson,IND,81,205,23.0,5,16.8,83.88,7.0,0.6,0.6086956521739131,4.6,0.0,0.0,0.413,0.423,0.385,4.28,1.6,5.6,1.0,1.0,-2.9000000000000057,0.6,-6.200000000000003,,,0.0,0.4,0.6
1630198,Isaiah Joe,OKC,75,165,25.0,74,21.7,1603.9766666666667,10.2,0.617,0.5624999999999998,1.6000000000000005,0.412,6.3,0.462,0.645,0.341,4.42,0.1,2.6,1.6,0.5,3.1000000000000085,0.6,-1.9000000000000057,,,0.23,0.53,0.23
1630600,Isaiah Mobley,PHI,80,238,25.0,1,17.4,17.366666666666667,6.0,0.381,0.25,4.0,0.333,3.0,0.529,0.6,0.25,4.44,1.0,4.0,5.0,0.0,-0.09999999999999432,1.0,-3.0,32.0,12.7,0.0,0.0,0.0
1641815,Isaiah Stevens,MIA,72,185,24.0,3,1.8,5.55,0.0,0.0,0.0,0.39999999999999997,0.0,0.3,,,,3.95,0.0,0.7,0.0,0.0,-50.599999999999994,0.3,-81.9,,,0.0,0.0,0.0
1630191,Isaiah Stewart,DET,80,250,24.0,72,19.9,1433.8483333333334,6.0,0.616,0.5945945945945945,3.7,0.321,0.7,0.432,0.524,0.353,4.11,1.4,5.5,1.7,0.9,-6.5,0.4,-4.1000000000000085,,,0.0,0.38,1.61
1631209,Isaiah Wong,CHA,75,185,24.0,20,13.3,265.50333333333333,6.0,0.5,0.38888888888888895,3.5999999999999996,0.394,1.7,0.451,0.593,0.241,4.53,0.0,1.6,1.4,0.9,-8.099999999999994,0.6,-12.300000000000011,37.0,10.93,0.06,0.59,0.06
1627826,Ivica Zubac,LAC,84,240,28.0,80,32.8,2624.1766666666667,16.8,0.641,0.6271186440677966,11.8,0.0,0.0,0.458,0.55,0.357,3.93,1.1,12.6,2.7,1.6,9.799999999999997,0.7,-3.1000000000000085,,,0.0,0.44,2.6
1631120,JD Davison,BOS,73,195,22.0,16,5.8,92.915,2.1,0.445,0.5,1.0,0.222,1.1,0.318,0.5,0.0,4.09,0.1,0.8,0.8,0.8,-28.39999999999999,0.3,-4.699999999999989,37.0,11.38,0.0,0.1,0.2
1630550,JT Thor,WAS,81,203,22.0,20,12.5,249.31666666666666,3.6,0.517,0.5263157894736842,1.9,0.286,1.1,0.402,0.567,0.357,4.36,0.5,2.4,0.3,0.5,-44.5,0.4,3.5999999999999943,35.0,12.19,0.0,0.24,0.47
1629630,Ja Morant,MEM,74,174,25.0,50,30.4,1519.11,23.2,0.563,0.5206611570247933,12.100000000000001,0.309,5.7,0.458,0.636,0.33,4.36,0.2,4.1,7.3,3.7,0.20000000000000284,1.2,-3.1000000000000085,,,0.1,0.58,0.28
1642266,Ja'Kobe Walter,TOR,77,180,20.0,52,21.2,1103.235,8.6,0.523,0.45000000000000007,3.9999999999999996,0.349,3.6,0.467,0.649,0.265,4.67,0.2,3.1,1.6,1.0,-0.20000000000000284,0.8,-2.200000000000003,38.5,11.0,0.08,0.52,0.26
1631095,Jabari Smith Jr.,HOU,82,220,22.0,57,30.1,1715.5783333333334,12.2,0.562,0.54,5.0,0.354,4.9,0.473,0.574,0.377,4.18,0.7,7.0,1.1,1.1,-0.6999999999999886,0.4,-5.200000000000003,,,0.0,0.46,0.88
1631133,Jabari Walker,POR,79,237,22.0,60,12.5,749.165,5.2,0.601,0.576923076923077,2.5999999999999996,0.389,1.2,0.45,0.597,0.307,4.15,0.1,3.5,0.6,0.6,-2.8000000000000114,0.6,-6.800000000000011,32.5,11.53,0.02,0.43,0.49
1629098,Jack McVeigh,HOU,80,215,29.0,9,4.8,43.25,1.6,0.412,0.3999999999999999,0.5,0.308,1.4,0.455,0.571,0.222,4.48,0.2,0.6,0.1,0.2,-30.5,0.0,-16.5,,,0.0,0.2,0.0
1642050,Jackson Rowe,GSW,79,210,28.0,6,8.6,51.73166666666667,3.7,0.56,0.7272727272727274,1.0999999999999999,0.3,1.7,0.357,0.667,0.0,4.65,0.0,1.8,0.7,0.2,-0.5999999999999943,0.7,-6.5,,,0.0,0.0,1.25
1631210,Jacob Toppin,ATL,80,200,25.0,17,4.4,75.15,1.4,0.523,0.2857142857142857,0.7000000000000001,0.5,0.6,0.394,0.417,0.583,4.45,0.0,0.9,0.4,0.2,-9.799999999999997,0.1,3.0999999999999943,,,0.0,0.0,0.33
1630702,Jaden Hardy,DAL,75,198,22.0,57,15.9,907.4383333333334,8.7,0.549,0.5000000000000001,3.8,0.386,3.5,0.475,0.591,0.369,4.31,0.1,1.6,1.4,1.4,-6.1000000000000085,0.5,-3.4000000000000057,,,0.04,0.53,0.23
1631093,Jaden Ivey,DET,76,195,23.0,30,29.9,898.0333333333333,17.6,0.569,0.482758620689655,8.700000000000001,0.409,5.1,0.481,0.548,0.385,4.37,0.4,4.1,4.0,3.0,-4.299999999999997,0.9,3.5,,,0.0,0.9,0.37
1630183,Jaden McDaniels,MIN,81,185,24.0,82,31.9,2614.41,12.2,0.562,0.5692307692307693,6.499999999999999,0.33,3.7,0.46,0.582,0.365,4.36,0.9,5.7,2.0,1.2,-1.3999999999999915,1.3,1.9000000000000057,,,0.01,0.73,0.4
1630531,Jaden Springer,UTA,76,202,22.0,43,8.5,365.175,2.5,0.511,0.5,1.0,0.25,1.1,0.484,0.852,0.367,4.07,0.1,1.3,0.8,0.4,-17.700000000000003,0.6,-14.299999999999997,41.5,11.46,0.0,0.29,0.25
203109,Jae Crowder,SAC,78,235,34.0,9,11.4,102.76166666666667,2.6,0.467,0.5714285714285715,0.7,0.267,1.7,0.588,0.6,0.556,4.03,0.0,2.2,0.7,0.4,-14.899999999999991,0.3,-6.799999999999997,34.5,11.45,0.0,0.29,0.29
1630256,Jae'Sean Tate,HOU,76,230,29.0,52,11.3,588.11,3.6,0.557,0.5263157894736842,1.9,0.348,0.9,0.392,0.548,0.292,4.29,0.1,2.3,0.9,0.4,-3.700000000000003,0.5,-5.700000000000003,,,0.17,0.26,0.53
1626143,Jahlil Okafor,IND,82,270,29.0,1,3.4,3.3666666666666667,0.0,0.0,,0.0,0.0,0.0,0.0,0.0,0.0,4.74,0.0,1.0,1.0,0.0,5.799999999999997,0.0,-57.099999999999994,,,0.0,1.0,0.0
1642443,Jahmir Young,CHI,73,185,24.0,6,4.9,29.666666666666668,1.8,0.935,0.9999999999999999,0.5,0.5,0.3,0.889,1.0,1.0,4.28,0.0,0.5,1.0,0.2,-6.599999999999994,0.0,12.200000000000003,,,0.0,0.0,0.0
1631170,Jaime Jaquez Jr.,MIA,78,225,24.0,66,20.7,1368.38,8.6,0.543,0.5,5.2,0.311,1.8,0.414,0.564,0.325,4.6,0.2,4.4,2.5,1.5,-5.199999999999989,0.9,4.200000000000003,39.0,11.21,0.0,0.57,0.54
1631222,Jake LaRavia,SAC,79,235,23.0,66,20.4,1349.28,6.9,0.591,0.517241379310345,2.8999999999999995,0.423,2.2,0.49,0.664,0.348,4.71,0.3,3.9,2.4,1.3,-6.0,0.9,3.299999999999997,34.0,10.58,0.0,0.67,0.27
1627751,Jakob Poeltl,TOR,84,260,29.0,57,29.6,1685.7483333333332,14.5,0.641,0.6336633663366337,10.1,0.333,0.1,0.482,0.588,0.388,4.37,1.2,9.6,2.8,1.9,4.400000000000006,1.2,-1.0999999999999943,,,0.02,0.61,2.04
1641779,Jalen Bridges,PHX,80,225,24.0,8,3.8,30.373333333333335,1.1,0.514,,0.0,0.286,0.9,0.2,1.0,0.0,4.53,0.0,0.5,0.0,0.5,-16.39999999999999,0.0,-29.200000000000003,32.0,11.14,0.0,0.0,0.5
1628973,Jalen Brunson,NYK,74,190,28.0,65,35.4,2300.7083333333335,26.0,0.605,0.5403225806451613,12.4,0.383,6.1,0.487,0.653,0.359,4.23,0.1,2.9,7.3,2.5,4.5,0.9,8.100000000000009,37.0,10.59,0.31,0.68,0.32
1631105,Jalen Duren,DET,82,250,21.0,78,26.1,2033.5483333333334,11.8,0.703,0.6857142857142857,7.0,0.0,0.0,0.5,0.629,0.374,4.24,1.1,10.3,2.7,1.7,4.799999999999997,0.7,6.099999999999994,,,0.0,0.36,2.27
1630224,Jalen Green,HOU,76,186,23.0,82,32.9,2697.11,21.0,0.544,0.4787234042553191,9.4,0.354,8.1,0.47,0.616,0.377,4.27,0.3,4.6,3.4,2.5,1.0,0.9,7.599999999999994,,,0.01,0.39,0.16
1641720,Jalen Hood-Schifino,PHI,77,210,22.0,15,21.0,314.6766666666667,7.1,0.494,0.4705882352941177,3.4,0.304,3.1,0.462,0.545,0.333,4.27,0.5,1.8,2.5,1.2,1.4000000000000057,0.3,-14.200000000000003,,,0.0,0.27,0.2
1630552,Jalen Johnson,ATL,80,219,23.0,36,35.7,1284.1783333333333,18.9,0.569,0.5625,11.2,0.312,3.9,0.432,0.561,0.29,4.39,1.0,10.0,5.0,2.9,-1.6000000000000085,1.6,-5.5,,,0.0,0.58,0.67
1629667,Jalen McDaniels,SAC,81,190,27.0,4,1.8,7.335,0.0,0.0,,0.0,0.0,0.0,0.0,0.0,0.0,3.59,0.0,0.0,0.3,0.0,-27.299999999999997,0.3,-32.60000000000001,33.5,11.54,0.0,0.0,0.0
1629618,Jalen Pickett,DEN,74,202,25.0,49,13.6,666.19,4.1,0.545,0.5,1.6,0.396,2.1,0.386,0.544,0.314,4.25,0.1,1.4,2.2,0.5,-6.800000000000011,0.4,-5.8999999999999915,33.0,11.91,0.0,0.27,0.49
1630188,Jalen Smith,CHI,81,215,25.0,64,15.0,962.3833333333333,8.2,0.586,0.6551724137931033,2.9000000000000004,0.324,3.5,0.474,0.572,0.417,4.38,0.7,5.6,1.0,0.6,-2.700000000000003,0.3,-3.0999999999999943,,,0.05,0.3,1.08
1630591,Jalen Suggs,ORL,77,205,24.0,35,28.6,1002.4533333333334,16.2,0.536,0.5,6.799999999999999,0.314,6.9,0.454,0.633,0.344,4.07,0.9,4.0,3.7,2.9,-3.700000000000003,1.5,-5.0,,,0.17,0.77,0.31
1631114,Jalen Williams,OKC,77,211,24.0,69,32.4,2236.673333333333,21.6,0.573,0.5333333333333333,11.999999999999998,0.365,4.9,0.417,0.515,0.313,4.4,0.7,5.3,5.1,2.2,-3.8999999999999915,1.6,2.799999999999997,39.0,11.13,0.06,0.9,0.72
1630592,Jalen Wilson,BKN,78,220,24.0,79,25.7,2031.3866666666668,9.5,0.541,0.5,3.2,0.337,4.6,0.486,0.652,0.352,4.41,0.1,3.4,1.8,1.0,0.5,0.5,-0.7000000000000028,35.0,11.26,0.0,0.43,0.83
1631288,Jamal Cain,NOP,78,191,26.0,37,13.6,501.79833333333335,5.3,0.544,0.523809523809524,2.0999999999999996,0.325,2.2,0.414,0.642,0.22,4.46,0.2,2.3,0.6,0.6,-3.3999999999999915,0.6,0.7999999999999972,,,0.0,0.36,0.12
1627750,Jamal Murray,DEN,76,215,28.0,67,36.1,2418.346666666667,21.4,0.584,0.5185185185185186,10.799999999999999,0.393,5.9,0.477,0.667,0.362,4.14,0.5,3.9,6.0,2.1,11.200000000000003,1.4,4.400000000000006,,,0.01,0.7,0.27
1642347,Jamal Shead,TOR,73,200,22.0,75,19.6,1466.825,7.1,0.499,0.4594594594594595,3.7,0.323,3.0,0.499,0.663,0.409,4.3,0.1,1.5,4.2,1.6,-3.9000000000000057,0.8,1.7999999999999972,37.5,10.87,0.11,0.36,0.16
1631123,Jamaree Bouyea,MIL,74,180,26.0,5,12.3,61.7,3.4,0.581,0.7142857142857143,1.4,0.2,1.0,0.458,0.714,0.308,4.18,0.4,1.0,2.0,1.6,-0.5,0.8,2.799999999999997,,,0.0,0.5,0.0
201935,James Harden,LAC,77,220,35.0,79,35.3,2789.036666666667,22.8,0.582,0.46835443037974694,7.899999999999999,0.352,8.5,0.474,0.657,0.356,3.52,0.7,5.8,8.7,4.3,6.0,1.5,2.0,37.0,11.1,0.03,0.78,0.47
201949,James Johnson,IND,79,240,38.0,12,3.1,36.61666666666667,0.7,0.35,0.4999999999999999,0.6000000000000001,0.0,0.3,0.385,0.333,0.4,3.85,0.2,0.5,0.3,0.3,-18.099999999999994,0.0,-2.799999999999997,35.0,11.21,0.0,0.0,0.2
1630164,James Wiseman,IND,83,240,24.0,1,4.6,4.633333333333334,6.0,0.615,0.6666666666666666,3.0,0.0,1.0,0.667,0.667,0.0,4.94,0.0,1.0,0.0,0.0,3.9000000000000057,0.0,27.999999999999986,,,0.0,0.0,0.0
1642419,Jamison Battle,TOR,79,220,24.0,59,17.7,1041.6783333333333,7.1,0.59,0.4666666666666666,1.5,0.405,4.4,0.456,0.588,0.354,4.48,0.2,2.7,0.9,0.5,-5.0,0.3,0.8000000000000114,,,0.02,0.27,0.18
1641716,Jarace Walker,IND,79,235,21.0,75,15.8,1186.62,6.1,0.59,0.5652173913043478,2.3,0.405,2.5,0.538,0.755,0.387,4.26,0.3,3.1,1.5,1.0,-10.5,0.7,-0.20000000000000284,38.0,10.89,0.0,0.18,0.23
1630215,Jared Butler,PHI,75,193,24.0,60,17.4,1043.735,9.0,0.549,0.5,4.8,0.355,2.8,0.447,0.55,0.377,4.29,0.2,1.8,3.7,1.3,-1.0,0.7,-8.0,,,0.04,0.4,0.25
1642272,Jared McCain,PHI,75,195,21.0,23,25.7,591.7916666666666,15.3,0.589,0.540983606557377,6.1000000000000005,0.383,5.8,0.51,0.686,0.326,4.34,0.0,2.4,2.6,1.6,-1.5,0.7,-6.3999999999999915,33.0,10.87,0.0,0.55,0.35
1631197,Jared Rhoden,TOR,77,210,25.0,14,16.2,226.16333333333333,8.4,0.602,0.6176470588235293,3.4000000000000004,0.308,2.8,0.532,0.8,0.297,4.54,0.1,3.0,1.1,0.6,13.599999999999994,0.7,-3.4000000000000057,,,0.0,0.0,0.11
1628991,Jaren Jackson Jr.,MEM,82,242,25.0,74,29.8,2206.951666666667,22.2,0.591,0.5405405405405407,11.099999999999998,0.375,5.3,0.419,0.497,0.334,4.16,1.5,5.6,2.0,2.1,-0.29999999999999716,1.2,-4.200000000000003,,,0.0,0.81,0.85
1629020,Jarred Vanderbilt,LAL,80,214,26.0,36,16.1,580.8583333333333,4.1,0.537,0.52,2.5,0.281,0.9,0.47,0.608,0.329,4.42,0.3,5.1,1.1,0.8,1.5999999999999943,1.0,-1.0999999999999943,,,0.0,0.47,0.53
1628386,Jarrett Allen,CLE,81,243,27.0,82,28.0,2296.0533333333333,13.5,0.724,0.7142857142857143,7.7,0.0,0.1,0.468,0.564,0.345,4.17,0.9,9.7,1.9,1.2,5.800000000000011,0.9,2.200000000000003,35.5,11.82,0.01,0.59,1.7
1629750,Javonte Green,CLE,77,205,31.0,68,18.5,1257.8333333333333,5.1,0.541,0.5238095238095238,2.1,0.326,2.1,0.452,0.597,0.362,4.42,0.5,3.2,0.8,0.5,1.2000000000000028,1.0,-5.700000000000003,,,0.02,0.49,0.25
1629637,Jaxson Hayes,LAL,84,220,25.0,56,19.5,1092.6833333333334,6.8,0.72,0.7435897435897436,3.9,0.0,0.1,0.441,0.534,0.405,4.11,0.9,4.8,1.0,0.8,-2.299999999999997,0.6,-4.200000000000003,34.5,11.74,0.02,0.48,1.09
1630643,Jay Huff,MEM,85,240,27.0,64,11.7,748.0316666666666,6.9,0.666,0.7058823529411765,1.6999999999999997,0.405,3.1,0.477,0.545,0.423,4.49,0.9,2.0,0.6,0.5,-6.599999999999994,0.3,-1.9000000000000057,,,0.0,0.12,0.83
1627759,Jaylen Brown,BOS,78,223,28.0,63,34.3,2157.9283333333333,22.2,0.555,0.5333333333333333,12.0,0.324,5.7,0.469,0.642,0.326,3.99,0.3,5.8,4.5,2.6,5.199999999999989,1.2,5.5,,,0.05,0.83,0.65
1641740,Jaylen Clark,MIN,76,205,23.0,40,13.0,521.9933333333333,4.1,0.598,0.47058823529411764,1.7,0.431,1.3,0.458,0.667,0.368,4.29,0.1,1.3,0.7,0.2,-0.09999999999999432,0.9,-0.5,,,0.03,0.31,0.22
1641798,Jaylen Martin,WAS,78,216,21.0,16,14.9,238.62666666666667,4.9,0.497,0.46875000000000006,3.1999999999999997,0.304,1.4,0.495,0.675,0.324,4.35,0.0,2.8,1.1,0.8,-36.2,0.6,-43.2,,,0.0,0.11,0.44
1629669,Jaylen Nowell,WAS,76,201,25.0,8,21.0,168.075,8.4,0.43,0.4035087719298246,5.699999999999999,0.296,3.4,0.509,0.704,0.25,4.28,0.5,2.5,2.3,1.0,-4.5,0.1,-6.799999999999997,38.5,10.76,0.0,0.29,0.14
1631301,Jaylen Sims,CHA,78,210,26.0,6,18.6,111.80833333333334,7.0,0.607,0.45454545454545453,2.2,0.4,2.5,0.297,0.714,0.2,4.13,0.2,1.0,2.0,1.3,1.0,0.5,-2.5,,,0.0,0.17,0.0
1642377,Jaylen Wells,MEM,80,,21.0,79,25.9,2043.4816666666666,10.4,0.56,0.5277777777777779,3.5999999999999996,0.352,5.0,0.451,0.605,0.352,4.55,0.1,3.4,1.7,0.9,1.4000000000000057,0.6,2.0,36.0,11.28,0.05,0.45,0.34
1631119,Jaylin Williams,OKC,81,240,23.0,47,16.7,784.055,5.9,0.594,0.5714285714285713,1.4000000000000004,0.399,3.3,0.42,0.607,0.283,3.9,0.6,5.6,2.6,0.7,2.799999999999997,0.5,-3.4000000000000057,30.0,11.64,0.26,0.3,1.3
1642281,Jaylon Tyson,CLE,78,215,22.0,47,9.6,452.96,3.6,0.523,0.49999999999999994,2.0,0.345,1.2,0.409,0.7,0.227,4.52,0.1,2.0,0.9,0.6,-13.699999999999989,0.3,-2.9000000000000057,36.5,11.13,0.03,0.19,0.58
1628369,Jayson Tatum,BOS,80,210,27.0,72,36.4,2623.8166666666666,26.8,0.582,0.5588235294117646,10.200000000000001,0.343,10.1,0.476,0.633,0.342,3.65,0.5,8.7,6.0,2.9,3.299999999999997,1.1,1.2999999999999972,,,0.0,0.63,0.6
1641789,Jazian Gortman,DAL,74,184,22.0,16,3.5,56.61666666666667,1.5,0.485,0.4285714285714286,0.7,0.364,0.7,0.565,0.667,0.4,4.55,0.1,0.3,0.4,0.3,-11.100000000000009,0.1,-12.899999999999991,,,0.0,0.17,0.0
1630288,Jeff Dowtin Jr.,PHI,75,177,28.0,41,15.1,620.77,7.0,0.57,0.5128205128205129,3.8999999999999995,0.4,1.7,0.476,0.634,0.342,4.11,0.3,1.5,1.9,0.4,-3.3000000000000114,0.6,-0.20000000000000284,,,0.0,0.29,0.11
201145,Jeff Green,HOU,80,235,38.0,32,12.4,396.44666666666666,5.4,0.649,0.7692307692307693,1.2999999999999998,0.367,2.5,0.506,0.746,0.3,3.95,0.1,1.8,0.6,0.3,-2.5999999999999943,0.2,6.8999999999999915,38.0,12.0,0.03,0.17,0.27
203924,Jerami Grant,POR,79,210,31.0,47,32.4,1523.5866666666666,14.4,0.523,0.3898305084745763,5.8999999999999995,0.365,6.3,0.449,0.548,0.383,4.1,1.0,3.5,2.1,1.4,-4.599999999999994,0.9,0.7000000000000028,,,0.06,0.55,0.32
1630526,Jeremiah Robinson-Earl,NOP,80,240,24.0,66,18.8,1238.9,6.3,0.563,0.5714285714285714,2.8,0.341,2.5,0.46,0.619,0.335,4.64,0.1,4.8,1.3,0.8,-2.299999999999997,0.6,1.5,32.0,11.64,0.0,0.48,0.86
1631110,Jeremy Sochan,SAS,80,230,22.0,54,25.3,1363.9683333333332,11.4,0.589,0.5857142857142857,6.999999999999999,0.308,1.7,0.462,0.587,0.333,4.44,0.5,6.5,2.4,1.6,-0.8999999999999915,0.8,-1.0,,,0.0,0.54,0.63
1630579,Jericho Sims,MIL,82,250,26.0,53,11.9,631.245,1.8,0.639,0.6153846153846154,1.3,0.0,0.0,0.433,0.51,0.374,4.38,0.4,3.7,0.6,0.6,-10.5,0.2,-6.400000000000006,44.5,11.59,0.0,0.26,1.49
1642399,Jesse Edwards,MIN,84,236,25.0,2,2.3,4.666666666666667,0.0,0.0,,0.0,0.0,0.0,1.0,1.0,1.0,4.66,0.0,0.0,0.5,0.0,-43.099999999999994,0.0,39.3,35.5,11.24,0.0,1.0,0.0
1641724,Jett Howard,ORL,78,215,21.0,60,11.7,701.1066666666667,4.5,0.491,0.5384615384615384,1.3000000000000003,0.296,3.1,0.431,0.645,0.333,4.07,0.2,1.2,0.7,0.6,-6.599999999999994,0.2,0.29999999999999716,,,0.0,0.2,0.08
1628975,Jevon Carter,CHI,73,200,29.0,36,8.9,320.5733333333333,4.3,0.509,0.41666666666666674,1.1999999999999997,0.333,2.9,0.478,0.729,0.403,4.39,0.1,1.1,1.1,0.3,2.0999999999999943,0.4,-3.4000000000000057,36.5,11.04,0.0,0.15,0.12
202710,Jimmy Butler III,GSW,79,230,35.0,55,31.7,1746.135,17.5,0.626,0.5444444444444445,9.0,0.308,1.9,0.477,0.65,0.368,4.22,0.3,5.4,5.4,1.3,-4.1000000000000085,1.4,-2.5,39.0,11.12,0.02,0.87,0.8
1629111,Jock Landale,HOU,83,255,29.0,42,11.9,500.0233333333333,4.8,0.59,0.5333333333333333,3.0,0.423,0.6,0.509,0.63,0.373,4.32,0.2,3.3,0.9,0.5,-4.5,0.3,3.1999999999999886,,,0.03,0.25,1.25
204060,Joe Ingles,MIN,80,220,37.0,19,6.0,114.08666666666667,0.8,0.326,0.25,0.3999999999999999,0.2,0.8,0.323,0.75,0.222,4.12,0.0,0.6,1.2,0.5,-6.8999999999999915,0.1,2.5,,,0.0,0.23,0.08
203954,Joel Embiid,PHI,84,280,31.0,19,30.2,574.3933333333333,23.8,0.58,0.49599999999999994,12.500000000000002,0.299,4.1,0.472,0.604,0.374,3.55,0.9,8.2,4.5,3.3,-7.799999999999997,0.7,-8.900000000000006,,,0.0,0.63,2.05
1628381,John Collins,UTA,81,226,27.0,40,30.5,1220.4916666666666,19.0,0.628,0.5729166666666666,9.600000000000001,0.399,3.7,0.485,0.629,0.354,4.29,1.0,8.2,2.0,2.6,4.1000000000000085,1.0,-7.799999999999997,37.5,11.66,0.05,0.68,0.95
1629723,John Konchar,MEM,77,210,29.0,46,12.1,558.2233333333334,2.4,0.592,0.5714285714285715,0.7,0.371,1.3,0.466,0.586,0.38,4.68,0.3,3.3,0.9,0.3,-4.200000000000003,0.7,-5.200000000000003,,,0.03,0.4,0.29
1631098,Johnny Davis,WAS,76,195,23.0,34,7.1,241.65833333333333,2.4,0.473,0.5,1.4,0.241,0.9,0.425,0.385,0.429,4.34,0.2,1.1,0.3,0.2,0.10000000000000853,0.4,-11.5,,,0.0,0.4,0.15
1642277,Johnny Furphy,IND,81,200,20.0,50,7.6,379.49666666666667,2.1,0.506,0.49999999999999994,0.8,0.3,1.0,0.464,0.63,0.365,4.77,0.2,1.4,0.4,0.2,-9.800000000000011,0.4,-8.399999999999991,32.0,11.15,0.03,0.28,0.14
1630548,Johnny Juzang,UTA,77,226,24.0,64,19.8,1269.83,8.9,0.573,0.56,2.5,0.376,4.9,0.502,0.643,0.388,4.76,0.1,2.9,1.1,0.6,-3.200000000000003,0.6,2.5999999999999943,32.5,11.03,0.03,0.36,0.28
202685,Jonas Valanciunas,SAC,83,265,33.0,81,18.8,1523.7633333333333,10.4,0.602,0.5833333333333334,7.2,0.216,0.5,0.528,0.697,0.442,4.02,0.6,7.7,2.0,1.5,3.299999999999997,0.5,-1.5,,,0.0,0.23,2.02
1628371,Jonathan Isaac,ORL,82,230,27.0,71,15.4,1090.015,5.4,0.512,0.56,2.4999999999999996,0.258,2.1,0.478,0.519,0.461,4.27,1.1,4.4,0.6,0.5,-2.8999999999999915,0.9,-1.8000000000000114,,,0.0,0.34,0.9
1630228,Jonathan Kuminga,GSW,79,225,22.0,47,24.3,1144.08,15.3,0.535,0.50561797752809,8.899999999999999,0.305,3.2,0.44,0.603,0.337,4.49,0.4,4.6,2.2,1.5,-4.700000000000003,0.8,-1.8999999999999915,,,0.04,0.6,0.6
1642367,Jonathan Mogbo,TOR,81,225,23.0,63,20.4,1285.655,6.2,0.496,0.47826086956521746,4.6,0.243,1.1,0.468,0.626,0.306,4.3,0.5,4.9,2.3,1.1,-7.099999999999994,0.9,-0.8999999999999915,37.5,11.14,0.0,0.42,0.69
203903,Jordan Clarkson,UTA,75,194,33.0,37,26.0,962.47,16.2,0.54,0.4428571428571429,7.000000000000001,0.362,6.3,0.498,0.631,0.365,4.23,0.2,3.2,3.7,2.3,-2.799999999999997,0.8,-1.7999999999999972,38.5,10.76,0.0,0.65,0.27
1630692,Jordan Goodwin,LAL,77,215,26.0,29,18.7,542.575,5.6,0.541,0.48148148148148157,2.7,0.382,2.3,0.519,0.714,0.364,4.44,0.4,3.9,1.4,0.9,-4.700000000000003,1.0,0.0,,,0.0,0.66,0.59
1641722,Jordan Hawkins,NOP,77,190,23.0,56,23.6,1320.5,10.8,0.504,0.42500000000000004,4.0,0.331,5.9,0.477,0.641,0.347,4.51,0.4,2.8,1.2,1.0,-3.200000000000003,0.5,0.09999999999999432,,,0.02,0.35,0.15
1629162,Jordan McLaughlin,SAS,72,185,29.0,46,6.8,314.27666666666664,2.1,0.6,0.49999999999999983,0.6000000000000001,0.413,1.0,0.486,0.697,0.326,4.61,0.0,0.7,1.1,0.3,-2.4000000000000057,0.3,-2.0999999999999943,,,0.06,0.38,0.09
1641757,Jordan Miller,LAC,77,194,25.0,37,11.4,420.31,4.1,0.509,0.5384615384615385,2.6,0.211,1.0,0.536,0.766,0.328,4.42,0.1,1.6,0.9,0.7,-11.5,0.5,0.7999999999999972,36.5,11.43,0.0,0.12,0.24
1629673,Jordan Poole,WAS,76,194,26.0,68,29.4,2000.8866666666668,20.5,0.591,0.5,6.4,0.378,9.1,0.522,0.694,0.433,4.12,0.4,3.0,4.5,3.0,-0.20000000000000284,1.3,2.200000000000003,35.5,10.59,0.0,0.61,0.14
1641775,Jordan Walsh,BOS,78,205,21.0,52,7.8,403.00333333333333,1.6,0.464,0.6,0.5,0.273,1.1,0.482,0.556,0.404,4.19,0.2,1.3,0.4,0.3,-8.100000000000009,0.2,-1.7000000000000028,36.0,10.83,0.03,0.32,0.34
1630631,Jose Alvarado,NOP,72,179,27.0,56,24.4,1365.9,10.3,0.523,0.4210526315789473,3.8000000000000007,0.359,5.5,0.438,0.639,0.323,4.37,0.3,2.4,4.6,1.5,-0.5999999999999943,1.3,-1.4000000000000057,,,0.05,0.65,0.27
1630528,Josh Christopher,MIA,76,215,23.0,14,5.0,69.35,2.0,0.416,0.5,1.4000000000000001,0.182,0.8,0.348,0.75,0.167,4.34,0.2,0.6,0.6,0.4,-6.799999999999997,0.4,-3.799999999999997,37.5,11.32,0.0,1.0,0.0
1630581,Josh Giddey,CHI,80,216,22.0,70,30.2,2116.641666666667,14.6,0.57,0.5135135135135135,7.4,0.378,4.0,0.477,0.622,0.337,4.47,0.6,8.1,7.2,2.9,2.799999999999997,1.2,2.4000000000000057,,,0.0,0.77,0.2
1630182,Josh Green,CHA,77,200,24.0,68,27.8,1887.5033333333333,7.4,0.559,0.46153846153846156,2.6,0.391,3.6,0.489,0.661,0.383,4.6,0.2,2.5,1.6,1.0,-0.6000000000000085,1.1,-0.20000000000000284,39.5,10.64,0.0,0.62,0.18
1628404,Josh Hart,NYK,76,215,30.0,77,37.6,2896.83,13.6,0.611,0.6119402985074626,6.7,0.333,3.3,0.484,0.636,0.367,4.11,0.4,9.6,5.9,2.1,5.400000000000006,1.5,7.3999999999999915,35.5,11.15,0.03,1.13,0.58
1631169,Josh Minott,MIN,80,205,22.0,46,6.0,276.275,2.6,0.605,0.6363636363636362,1.1,0.326,0.9,0.469,0.618,0.37,4.4,0.3,1.0,0.4,0.2,-12.299999999999997,0.3,-3.700000000000003,,,0.0,0.14,0.09
1629006,Josh Okogie,CHA,76,213,26.0,40,15.6,624.9783333333334,7.1,0.567,0.5333333333333333,3.0,0.348,2.3,0.436,0.718,0.177,4.34,0.5,2.8,0.8,0.8,-5.6000000000000085,1.2,-4.0,42.0,11.08,0.0,0.62,0.46
1626196,Josh Richardson,MIA,77,200,31.0,8,18.7,149.49,4.0,0.402,0.29999999999999993,2.0,0.273,2.8,0.667,0.947,0.389,4.39,0.1,1.5,1.5,1.0,-8.100000000000009,1.0,3.1000000000000085,,,0.0,0.13,0.25
201950,Jrue Holiday,BOS,76,205,35.0,62,30.6,1896.0683333333334,11.1,0.565,0.5581395348837209,4.299999999999999,0.353,4.9,0.445,0.613,0.338,4.14,0.4,4.3,3.9,1.2,-3.700000000000003,1.1,-2.799999999999997,34.0,10.64,0.02,0.73,0.71
1630577,Julian Champagnie,SAS,79,217,24.0,82,23.6,1932.1283333333333,9.9,0.577,0.5454545454545455,2.1999999999999993,0.371,5.9,0.479,0.618,0.367,4.38,0.4,3.9,1.4,0.9,0.5999999999999943,0.7,-1.0,34.5,11.39,0.0,0.33,0.43
1641763,Julian Phillips,CHI,80,198,21.0,79,14.2,1122.905,4.6,0.571,0.588235294117647,1.7000000000000002,0.327,1.9,0.468,0.643,0.323,4.62,0.3,2.1,0.5,0.3,0.8000000000000114,0.5,-3.700000000000003,43.0,11.09,0.0,0.32,0.32
1631124,Julian Strawther,DEN,78,205,23.0,65,21.3,1383.47,9.0,0.559,0.5294117647058824,3.4000000000000004,0.349,4.1,0.465,0.619,0.387,4.36,0.2,2.2,1.3,0.9,-9.0,0.6,0.4000000000000057,34.5,10.94,0.0,0.35,0.37
203944,Julius Randle,MIN,81,250,30.0,69,32.3,2225.5266666666666,18.7,0.593,0.5555555555555556,9.0,0.344,4.6,0.46,0.594,0.362,4.01,0.2,7.1,4.7,2.8,1.7999999999999972,0.7,5.199999999999989,35.5,11.45,0.0,0.9,1.26
1630551,Justin Champagnie,WAS,78,206,24.0,62,21.6,1340.5333333333333,8.8,0.614,0.6285714285714287,3.4999999999999996,0.383,3.1,0.431,0.534,0.342,4.44,0.6,5.7,1.0,0.9,3.1999999999999886,1.0,-0.6000000000000085,35.0,11.94,0.0,0.44,0.32
1642348,Justin Edwards,PHI,79,203,21.0,44,26.2,1154.72,10.1,0.559,0.5348837209302325,4.3,0.363,4.3,0.493,0.668,0.395,4.22,0.4,3.4,1.6,1.1,2.0,1.0,9.299999999999997,32.5,12.07,0.02,0.49,0.37
1631303,Justin Minaya,POR,77,205,26.0,19,5.3,100.67333333333333,0.9,0.411,0.5,0.6000000000000001,0.2,0.5,0.521,0.75,0.267,4.78,0.1,0.5,0.4,0.3,-16.299999999999997,0.3,-12.0,,,0.0,0.13,0.13
203994,Jusuf Nurkić,CHA,84,290,30.0,51,20.8,1062.8266666666666,8.9,0.555,0.5624999999999999,4.800000000000001,0.305,2.1,0.472,0.55,0.392,4.13,0.7,7.8,2.3,1.9,-4.299999999999997,0.8,2.0,,,0.0,0.78,1.82
1630231,KJ Martin,UTA,78,215,24.0,43,21.2,911.4983333333333,6.4,0.618,0.6764705882352942,3.4000000000000004,0.259,1.3,0.433,0.573,0.322,4.16,0.5,2.9,1.1,0.6,2.4000000000000057,0.4,-5.1000000000000085,38.5,11.93,0.0,0.41,0.46
1642354,KJ Simpson,CHA,72,189,22.0,36,23.4,842.0833333333334,7.8,0.437,0.41666666666666663,4.800000000000001,0.254,3.6,0.528,0.66,0.41,4.34,0.2,3.0,3.1,1.6,-6.5,0.9,1.7000000000000028,40.5,10.49,0.03,0.5,0.17
1630539,Kai Jones,DAL,83,221,24.0,40,11.7,468.37,5.0,0.804,0.8461538461538461,2.6,0.2,0.1,0.478,0.588,0.408,4.53,0.6,3.1,0.6,0.5,1.6999999999999886,0.4,-8.600000000000009,,,0.0,0.31,0.29
1626157,Karl-Anthony Towns,NYK,84,248,29.0,72,35.0,2516.72,24.4,0.63,0.5655737704918034,12.2,0.42,4.7,0.51,0.657,0.389,3.87,0.7,12.8,3.1,2.7,9.800000000000011,1.0,3.1000000000000085,,,0.0,0.64,2.75
1631255,Karlo Matković,NOP,82,231,24.0,42,18.8,790.585,7.7,0.639,0.6750000000000002,3.9999999999999996,0.318,1.6,0.516,0.613,0.397,4.42,1.0,5.0,1.1,1.0,0.30000000000001137,0.5,-5.300000000000011,,,0.0,0.48,1.5
202695,Kawhi Leonard,LAC,79,225,34.0,37,31.9,1179.9566666666667,21.5,0.589,0.5384615384615384,11.700000000000001,0.411,5.1,0.481,0.633,0.408,4.14,0.5,5.9,3.1,1.9,9.399999999999991,1.6,-1.2999999999999972,32.0,11.45,0.0,0.78,0.46
1630811,Keaton Wallace,ATL,75,185,26.0,31,16.2,501.1666666666667,5.4,0.503,0.46153846153846156,2.6,0.329,2.6,0.453,0.617,0.363,4.45,0.3,1.6,2.6,1.1,-8.0,0.9,-6.8999999999999915,,,0.0,0.33,0.11
1631099,Keegan Murray,SAC,80,225,24.0,76,34.3,2610.173333333333,12.4,0.553,0.5714285714285714,4.9,0.343,5.9,0.449,0.536,0.386,4.41,0.9,6.7,1.4,0.8,1.2000000000000028,0.8,-1.1999999999999886,,,0.16,0.58,1.03
1631232,Keion Brooks Jr.,NOP,79,210,24.0,14,23.7,331.7816666666667,10.1,0.581,0.5957446808510639,4.699999999999999,0.326,3.1,0.569,0.62,0.526,4.38,0.7,4.1,0.9,0.9,-12.299999999999997,0.7,1.5,,,0.0,0.33,0.33
1642276,Kel'el Ware,MIA,84,230,21.0,64,22.2,1422.4866666666667,9.3,0.603,0.625,5.6,0.315,1.7,0.481,0.624,0.304,4.09,1.1,7.4,0.9,0.9,2.299999999999997,0.6,-0.09999999999999432,36.0,10.97,0.0,0.29,0.94
1629640,Keldon Johnson,SAS,77,220,25.0,77,23.9,1837.9966666666667,12.7,0.572,0.5781249999999999,6.4,0.318,3.6,0.49,0.605,0.367,4.31,0.3,4.8,1.6,1.0,-3.4000000000000057,0.6,2.1000000000000085,,,0.0,0.52,0.47
203482,Kelly Olynyk,NOP,83,240,34.0,44,20.2,890.9983333333333,8.7,0.609,0.5116279069767442,4.3,0.418,1.8,0.459,0.594,0.307,4.18,0.4,4.7,2.9,1.7,2.700000000000003,0.8,-9.900000000000006,29.5,11.42,0.09,0.3,0.95
1626162,Kelly Oubre Jr.,PHI,80,203,29.0,60,34.6,2078.19,15.1,0.551,0.5476190476190476,8.4,0.293,4.0,0.481,0.625,0.352,4.19,0.5,6.1,1.8,1.3,1.2000000000000028,1.5,0.0,37.0,11.09,0.03,0.77,0.17
1629026,Kenrich Williams,OKC,78,210,30.0,69,16.4,1131.5383333333334,6.3,0.587,0.576923076923077,2.5999999999999996,0.386,2.5,0.448,0.603,0.303,4.2,0.1,3.5,1.4,0.6,0.5,0.6,-1.9000000000000057,33.0,10.86,0.16,0.32,0.6
203484,Kentavious Caldwell-Pope,MEM,77,204,32.0,77,29.6,2279.036666666667,8.7,0.574,0.5714285714285715,2.8,0.342,4.3,0.497,0.614,0.412,3.93,0.4,2.2,1.8,0.8,2.6999999999999886,1.3,1.5,34.5,10.6,0.04,0.58,0.2
1631165,Keon Ellis,SAC,76,175,25.0,80,24.4,1948.1916666666666,8.3,0.664,0.611111111111111,1.7999999999999998,0.433,4.0,0.48,0.671,0.332,4.43,0.8,2.7,1.5,0.9,3.3999999999999915,1.5,-0.7999999999999972,35.5,10.87,0.01,0.53,0.24
1630553,Keon Johnson,BKN,77,185,23.0,79,24.4,1925.2016666666666,10.6,0.499,0.4583333333333332,4.800000000000001,0.314,5.1,0.511,0.68,0.381,4.39,0.4,3.8,2.2,1.5,-5.200000000000003,1.0,0.9000000000000057,48.0,11.45,0.09,0.62,0.22
1642352,Keshad Johnson,MIA,79,225,24.0,16,6.1,98.125,2.7,0.718,0.75,1.2000000000000002,0.429,0.4,0.37,0.333,0.412,4.38,0.3,1.8,0.3,0.3,-7.099999999999994,0.3,-8.0,42.0,11.38,0.0,0.27,0.55
1630556,Kessler Edwards,DAL,79,203,24.0,40,15.2,608.46,4.2,0.597,0.55,2.0,0.407,1.4,0.51,0.556,0.449,4.53,0.5,2.9,1.1,0.4,-3.5999999999999943,0.5,9.299999999999997,37.0,11.3,0.0,0.23,0.7
201142,Kevin Durant,PHX,83,240,36.0,62,36.5,2264.685,26.6,0.642,0.5702479338842975,12.100000000000001,0.43,6.0,0.411,0.56,0.356,3.74,1.2,6.0,4.2,3.1,5.900000000000006,0.8,0.8000000000000114,33.5,12.33,0.02,0.34,0.61
1628989,Kevin Huerter,CHI,79,198,26.0,69,24.3,1678.9933333333333,9.9,0.544,0.5806451612903226,3.1000000000000005,0.338,5.7,0.443,0.602,0.344,4.48,0.3,3.0,2.3,1.0,10.5,1.0,-7.0,38.0,10.89,0.0,0.32,0.25
1628995,Kevin Knox II,GSW,80,215,25.0,14,6.0,83.65666666666667,3.3,0.582,0.6666666666666666,1.5,0.267,1.1,0.432,0.5,0.357,4.36,0.3,1.2,0.4,0.3,-7.8999999999999915,0.1,6.699999999999989,,,0.0,0.0,0.0
201567,Kevin Love,MIA,80,251,36.0,23,10.9,251.45333333333335,5.3,0.488,0.38095238095238093,2.1,0.358,2.9,0.518,0.623,0.55,4.09,0.2,4.1,1.0,0.6,-3.799999999999997,0.7,0.5999999999999943,35.0,11.17,0.1,0.33,0.81
1641755,Kevin McCullar Jr.,NYK,78,210,24.0,4,7.3,29.166666666666668,1.5,0.381,0.3333333333333333,1.5,0.0,0.3,0.7,0.8,0.667,4.43,0.3,2.0,0.5,0.0,-23.700000000000003,0.3,-16.5,,,0.0,0.67,0.0
1629645,Kevin Porter Jr.,MIL,76,203,25.0,75,19.8,1482.02,10.3,0.531,0.507936507936508,6.299999999999999,0.311,2.4,0.475,0.665,0.353,4.38,0.2,3.7,3.4,1.8,-7.300000000000011,1.1,-0.7999999999999972,34.0,10.82,0.0,0.5,0.36
1626172,Kevon Looney,GSW,81,222,29.0,76,15.0,1142.155,4.5,0.535,0.5277777777777778,3.6,0.4,0.1,0.438,0.513,0.378,4.19,0.5,6.1,1.6,0.5,-0.29999999999999716,0.6,-3.5,,,0.0,0.43,1.32
1641718,Keyonte George,UTA,76,185,21.0,67,31.5,2108.475,16.8,0.539,0.459016393442623,6.1,0.343,7.6,0.507,0.691,0.335,4.1,0.1,3.8,5.6,2.7,2.299999999999997,0.7,7.900000000000006,,,0.07,0.48,0.19
203114,Khris Middleton,WAS,79,222,33.0,37,22.8,843.1816666666666,11.9,0.588,0.5454545454545454,5.5,0.361,3.6,0.475,0.609,0.391,4.27,0.2,3.7,4.1,1.5,5.6000000000000085,0.9,1.5999999999999943,31.0,11.45,0.16,0.49,0.78
1630165,Killian Hayes,BKN,77,195,23.0,6,27.1,162.33333333333334,9.0,0.559,0.45945945945945943,3.7,0.381,3.5,0.5,0.68,0.278,4.42,0.7,3.0,5.2,1.5,18.200000000000003,0.7,4.699999999999989,,,0.33,0.33,0.33
202691,Klay Thompson,DAL,77,220,35.0,72,27.3,1964.5683333333334,14.0,0.552,0.44444444444444453,4.499999999999999,0.391,7.7,0.46,0.579,0.369,4.28,0.4,3.4,2.0,1.2,0.7999999999999972,0.7,2.799999999999997,31.5,10.99,0.0,0.4,0.18
1641738,Kobe Brown,LAC,79,250,25.0,40,6.8,272.22,1.9,0.513,0.5454545454545455,1.1,0.231,0.7,0.532,0.683,0.4,4.22,0.1,1.6,0.6,0.3,-8.699999999999989,0.2,5.900000000000006,32.0,11.39,0.0,0.52,0.56
1641723,Kobe Bufkin,ATL,76,195,21.0,10,12.4,123.63666666666667,5.3,0.483,0.49999999999999994,2.8000000000000003,0.211,1.9,0.327,0.467,0.318,4.63,0.2,2.1,1.7,0.8,-18.900000000000006,0.3,-11.700000000000003,36.0,11.71,0.0,0.5,0.1
1627739,Kris Dunn,LAC,75,205,31.0,74,24.1,1782.9183333333333,6.4,0.531,0.5517241379310345,2.9000000000000004,0.335,3.0,0.433,0.634,0.363,4.46,0.4,3.4,2.8,1.0,1.3999999999999915,1.7,-4.099999999999994,,,0.0,0.85,0.22
1631200,Kris Murray,POR,80,216,24.0,69,15.1,1040.3866666666668,4.2,0.472,0.5652173913043478,2.3,0.225,1.7,0.462,0.521,0.367,4.47,0.2,2.6,1.0,0.6,-5.599999999999994,0.5,-7.0,35.0,11.11,0.07,0.46,0.48
204001,Kristaps Porziņģis,BOS,86,240,29.0,42,28.8,1209.9633333333334,19.5,0.618,0.5324675324675324,7.699999999999999,0.412,6.0,0.421,0.479,0.364,3.9,1.5,6.8,2.1,1.3,-3.3999999999999915,0.7,1.2000000000000028,,,0.0,0.5,1.38
203937,Kyle Anderson,MIA,81,230,31.0,61,16.4,1002.0933333333334,5.9,0.538,0.48717948717948717,3.9,0.357,1.1,0.459,0.63,0.323,4.24,0.5,3.4,2.4,0.6,-12.0,0.7,-4.200000000000003,,,0.05,0.2,0.64
1642271,Kyle Filipowski,UTA,83,250,21.0,72,21.1,1521.54,9.6,0.594,0.6097560975609757,4.1,0.35,3.1,0.525,0.672,0.375,4.29,0.3,6.1,1.9,1.4,-2.0999999999999943,0.7,0.9000000000000057,32.5,11.43,0.01,0.38,0.75
1628398,Kyle Kuzma,MIL,81,221,29.0,65,29.8,1936.415,14.8,0.514,0.5121951219512195,8.2,0.307,4.8,0.439,0.627,0.283,4.31,0.3,5.7,2.3,2.2,-5.200000000000003,0.6,6.900000000000006,34.0,10.72,0.14,0.23,0.47
200768,Kyle Lowry,PHI,72,196,39.0,35,18.8,659.4483333333334,3.9,0.525,0.5,0.7999999999999998,0.33,2.5,0.502,0.635,0.408,3.92,0.3,1.9,2.7,0.6,-7.799999999999997,0.9,-8.700000000000003,,,0.18,0.44,0.56
1630283,Kylor Kelley,LAL,84,215,27.0,11,11.5,125.95666666666666,3.1,0.644,0.65,2.0,0.0,0.0,0.49,0.636,0.372,4.46,0.3,3.5,0.5,0.4,-5.799999999999997,0.1,13.200000000000003,,,0.0,0.1,0.6
202681,Kyrie Irving,DAL,74,195,33.0,50,36.1,1803.7966666666666,24.7,0.594,0.5128205128205129,11.7,0.401,7.2,0.463,0.639,0.327,3.9,0.5,4.8,4.6,2.2,6.799999999999997,1.3,0.10000000000000853,,,0.04,0.86,0.32
1642273,Kyshawn George,WAS,80,200,21.0,68,26.5,1802.1833333333334,8.7,0.503,0.46428571428571436,2.8,0.322,5.2,0.423,0.564,0.328,4.57,0.7,4.2,2.5,1.4,1.6000000000000085,1.0,-2.5,32.0,11.9,0.01,0.71,0.54
1630163,LaMelo Ball,CHA,79,180,23.0,47,32.0,1504.475,25.2,0.536,0.47524752475247517,10.100000000000001,0.339,11.2,0.497,0.66,0.395,4.39,0.3,4.9,7.4,3.6,11.200000000000003,1.1,3.200000000000003,,,0.0,0.85,0.3
1630205,Lamar Stevens,MEM,79,230,27.0,17,9.1,155.535,4.4,0.545,0.5714285714285714,2.1,0.296,1.6,0.5,0.696,0.393,4.34,0.2,2.2,0.5,0.6,13.999999999999986,0.3,-14.799999999999997,41.0,10.35,0.0,0.25,0.25
1629013,Landry Shamet,NYK,76,190,28.0,50,15.2,761.6,5.7,0.601,0.6000000000000003,1.4999999999999996,0.397,3.1,0.522,0.678,0.38,4.53,0.0,1.2,0.5,0.4,-4.800000000000011,0.5,-8.799999999999997,39.5,11.26,0.02,0.26,0.47
1626204,Larry Nance Jr.,ATL,80,245,32.0,24,19.3,463.2266666666667,8.5,0.632,0.5757575757575758,3.3,0.447,3.2,0.519,0.646,0.434,4.25,0.5,4.3,1.6,0.7,-6.700000000000003,0.8,2.4000000000000057,,,0.3,0.39,1.48
1628374,Lauri Markkanen,UTA,84,240,28.0,47,31.4,1475.8433333333332,19.0,0.571,0.53125,6.4,0.346,8.5,0.471,0.615,0.378,4.27,0.4,5.9,1.5,1.4,3.3000000000000114,0.7,-1.7999999999999972,,,0.0,0.53,1.04
2544,LeBron James,LAL,81,250,40.0,70,34.9,2444.4466666666667,24.4,0.604,0.5806451612903226,12.400000000000002,0.376,5.7,0.443,0.647,0.34,3.64,0.6,7.8,8.2,3.7,-0.5999999999999943,1.0,5.599999999999994,,,0.13,0.67,0.63
1631159,Leonard Miller,MIN,82,220,21.0,13,2.4,31.595,1.5,0.54,0.625,0.7999999999999999,0.0,0.4,0.444,1.0,0.25,4.44,0.1,0.8,0.0,0.2,-36.8,0.2,-12.200000000000003,37.5,11.0,0.0,0.0,0.33
1631311,Lester Quiñones,NOP,76,208,24.0,13,14.1,183.36666666666667,6.6,0.514,0.5384615384615384,2.6,0.295,3.4,0.42,0.621,0.227,4.54,0.2,1.5,1.8,1.1,-2.299999999999997,0.2,-12.300000000000011,,,0.11,0.11,0.33
1641857,Liam Robbins,MIL,84,250,25.0,13,4.4,56.96666666666667,0.7,0.363,0.5000000000000001,0.39999999999999997,0.0,0.2,0.474,0.75,0.444,4.2,0.2,0.9,0.2,0.5,-33.8,0.2,-26.900000000000006,,,0.0,0.0,0.45
1630322,Lindy Waters III,DET,78,210,27.0,52,15.0,778.41,4.9,0.504,0.5000000000000002,1.1999999999999997,0.344,3.6,0.5,0.644,0.355,4.61,0.2,2.1,1.0,0.4,-2.5,0.5,-1.4000000000000057,,,0.09,0.22,0.35
1629022,Lonnie Walker IV,PHI,76,204,26.0,20,23.8,476.7033333333333,12.4,0.548,0.523809523809524,4.199999999999999,0.354,6.4,0.521,0.732,0.323,4.07,0.3,3.2,2.5,1.3,-7.8999999999999915,0.5,-2.700000000000003,40.0,10.87,0.0,0.33,0.06
1628366,Lonzo Ball,CHI,78,190,27.0,35,22.2,777.03,7.6,0.524,0.46153846153846134,1.3000000000000007,0.344,5.6,0.461,0.626,0.343,4.29,0.5,3.4,3.3,1.2,1.2999999999999972,1.3,-7.5,,,0.0,0.57,0.34
1629652,Luguentz Dort,OKC,76,220,26.0,71,29.2,2073.3,10.1,0.586,0.4615384615384615,2.6000000000000005,0.412,5.8,0.419,0.565,0.321,4.12,0.5,4.1,1.6,0.7,4.800000000000011,1.1,3.700000000000003,38.0,10.79,0.08,0.69,0.68
1629029,Luka Dončić,LAL,78,230,26.0,50,35.4,1768.55,28.2,0.587,0.5229357798165136,10.9,0.368,9.6,0.463,0.602,0.363,3.73,0.4,8.2,7.7,3.6,7.0,1.8,-3.299999999999997,,,0.08,0.54,0.44
1630568,Luka Garza,MIN,82,243,26.0,39,5.6,219.31,3.5,0.573,0.5555555555555555,1.8000000000000003,0.278,0.9,0.532,0.694,0.35,4.67,0.1,1.4,0.3,0.3,-8.0,0.2,-3.200000000000003,29.5,11.9,0.12,0.21,0.55
1628379,Luke Kennard,MEM,77,206,29.0,65,22.6,1471.6916666666666,8.9,0.631,0.5769230769230771,2.5999999999999996,0.433,4.0,0.456,0.576,0.366,4.55,0.1,2.8,3.3,1.1,2.5,0.8,5.099999999999994,,,0.0,0.3,0.27
1628436,Luke Kornet,BOS,85,250,29.0,73,18.6,1361.06,6.0,0.683,0.6842105263157895,3.8,0.0,0.0,0.442,0.505,0.358,4.2,1.0,5.3,1.6,0.4,4.799999999999997,0.5,-3.799999999999997,,,0.0,0.28,1.71
1631247,Luke Travers,CLE,79,207,23.0,12,7.3,87.86,1.0,0.287,0.44444444444444453,0.8999999999999999,0.0,0.8,0.526,0.632,0.2,4.42,0.1,1.7,0.7,0.7,-12.0,0.1,-2.0,,,0.0,0.0,0.5
1630644,Mac McClung,ORL,74,185,26.0,2,5.1,10.233333333333333,0.0,0.0,0.0,0.5,0.0,0.5,0.5,1.0,0.0,4.32,0.0,0.5,1.5,0.0,10.099999999999994,0.0,19.599999999999994,,,0.0,0.0,0.0
1630201,Malachi Flynn,SAS,73,185,27.0,4,10.9,43.68,4.0,0.512,0.4347826086956522,2.3,0.25,1.0,0.429,0.5,0.167,4.38,0.0,1.8,1.8,1.0,4.599999999999994,0.8,-7.0,,,0.0,0.33,1.0
1631103,Malaki Branham,SAS,76,180,22.0,47,9.1,426.555,5.0,0.575,0.5454545454545454,2.2,0.405,1.8,0.4,0.463,0.346,4.33,0.0,1.1,0.8,0.7,-7.800000000000011,0.2,-7.0,35.0,11.38,0.0,0.23,0.17
1627763,Malcolm Brogdon,WAS,76,229,32.0,24,23.5,564.0766666666667,12.7,0.544,0.46753246753246747,7.7,0.286,2.3,0.512,0.72,0.427,4.2,0.2,3.8,4.1,1.6,1.4000000000000057,0.5,-0.6999999999999886,35.5,10.77,0.0,0.42,0.38
1642502,Malevy Leons,OKC,81,210,25.0,6,3.5,20.966666666666665,0.3,0.266,0.0,0.09999999999999998,0.0,0.2,0.571,0.5,0.5,4.58,0.0,0.5,0.2,0.2,-57.199999999999996,0.0,-0.09999999999999432,,,0.0,0.0,0.0
1627736,Malik Beasley,DET,76,187,28.0,82,27.8,2282.9466666666667,16.3,0.59,0.44736842105263164,3.799999999999999,0.416,9.3,0.493,0.61,0.411,4.1,0.1,2.6,1.7,1.0,1.0999999999999943,0.9,-1.7999999999999972,,,0.0,0.3,0.23
1628370,Malik Monk,SAC,75,200,27.0,65,31.6,2054.11,17.2,0.549,0.5384615384615383,7.800000000000001,0.325,6.6,0.463,0.619,0.388,4.33,0.6,3.8,5.6,2.4,4.799999999999997,0.9,0.5,,,0.03,0.65,0.29
1630699,MarJon Beauchamp,NYK,79,199,24.0,35,4.5,156.28166666666667,2.3,0.535,0.4545454545454546,1.0999999999999999,0.345,0.8,0.328,0.44,0.143,4.29,0.0,1.3,0.3,0.4,22.19999999999999,0.1,14.899999999999991,,,0.05,0.32,0.18
1630542,Marcus Bagley,PHI,78,217,23.0,10,25.3,253.155,6.7,0.456,0.5945945945945946,3.7,0.156,3.2,0.396,0.537,0.27,4.84,1.2,7.0,1.0,0.7,-8.400000000000006,0.9,3.200000000000003,38.5,12.26,0.1,0.5,0.3
1630585,Marcus Garrett,CHA,77,205,26.0,4,19.8,79.38333333333334,7.0,0.487,0.41666666666666663,4.8,0.375,2.0,0.273,0.222,0.182,4.26,0.5,1.5,3.3,1.5,-21.80000000000001,0.8,-8.200000000000003,,,0.0,0.0,0.5
1631204,Marcus Sasser,DET,74,195,24.0,57,14.2,810.7866666666666,6.6,0.589,0.5599999999999999,2.5,0.382,2.7,0.416,0.586,0.262,4.31,0.1,1.2,2.3,0.9,-4.099999999999994,0.6,-5.400000000000006,35.0,10.68,0.0,0.39,0.12
203935,Marcus Smart,WAS,75,220,31.0,34,20.0,680.34,9.0,0.529,0.4571428571428572,3.5,0.348,4.1,0.427,0.552,0.336,4.09,0.3,2.1,3.2,1.6,-2.5,1.1,-5.0,36.0,10.82,0.15,0.68,0.44
1631109,Mark Williams,CHA,84,240,23.0,44,26.6,1171.045,15.3,0.647,0.6039603960396039,10.1,0.0,0.1,0.494,0.655,0.373,4.14,1.2,10.2,2.5,1.6,1.0,0.7,5.900000000000006,,,0.0,0.64,1.66
1628365,Markelle Fultz,SAC,76,209,27.0,21,8.8,184.05833333333334,2.9,0.452,0.39285714285714285,2.8000000000000003,0.5,0.4,0.426,0.615,0.261,4.44,0.1,1.0,1.3,0.7,-8.900000000000006,0.5,-13.200000000000003,,,0.0,0.21,0.11
202693,Markieff Morris,LAL,81,245,35.0,15,11.0,164.43333333333334,3.7,0.385,0.3478260869565217,2.3000000000000003,0.25,2.4,0.485,0.667,0.385,3.68,0.2,1.5,1.4,0.3,-15.5,0.1,-2.8000000000000114,31.5,,0.0,0.09,0.73
1628963,Marvin Bagley III,MEM,82,235,26.0,31,8.6,265.2266666666667,4.4,0.56,0.6071428571428572,2.8,0.158,0.6,0.387,0.5,0.328,4.49,0.3,2.7,0.4,0.4,5.699999999999989,0.3,-5.799999999999997,,,0.04,0.25,0.58
1630222,Mason Jones,SAC,76,200,26.0,10,4.5,45.391666666666666,2.3,0.569,0.8,1.0,0.125,0.8,0.5,0.25,0.5,4.38,0.1,0.9,1.1,0.1,-8.5,0.0,-10.100000000000009,31.0,10.6,0.0,0.33,0.0
203486,Mason Plumlee,PHX,82,254,35.0,74,17.6,1300.045,4.5,0.645,0.6538461538461539,2.6,0.0,0.1,0.505,0.623,0.387,4.45,0.6,6.1,1.8,0.8,3.0,0.4,-2.299999999999997,36.0,10.89,0.01,0.22,1.14
1641824,Matas Buzelis,CHI,82,209,20.0,80,18.9,1511.295,8.6,0.571,0.5555555555555555,3.6000000000000005,0.361,3.3,0.459,0.539,0.363,4.49,0.9,3.5,1.0,0.9,-2.3999999999999915,0.4,-2.4000000000000057,38.0,10.73,0.01,0.35,0.39
1629680,Matisse Thybulle,POR,77,201,28.0,15,20.8,312.2816666666667,7.5,0.592,0.5185185185185185,2.7,0.438,3.2,0.463,0.675,0.194,4.33,0.6,3.5,1.9,0.9,-5.900000000000006,2.2,-9.200000000000003,,,0.0,0.4,0.13
1630346,Matt Ryan,NOP,78,215,28.0,19,3.6,67.82166666666667,1.5,0.439,0.3333333333333333,0.6000000000000001,0.316,1.0,0.5,0.571,0.308,4.37,0.0,0.4,0.2,0.2,-38.900000000000006,0.1,-5.200000000000003,,,0.14,0.14,0.0
1631108,Max Christie,DAL,77,190,22.0,78,27.3,2127.141666666667,9.6,0.57,0.4722222222222223,3.5999999999999996,0.366,4.0,0.473,0.621,0.304,4.31,0.4,3.3,1.9,1.1,8.200000000000003,0.8,-2.799999999999997,37.5,10.82,0.0,0.28,0.35
1629622,Max Strus,CLE,77,215,29.0,50,25.5,1272.725,9.4,0.607,0.6250000000000001,1.5999999999999996,0.386,5.9,0.492,0.643,0.376,4.69,0.2,4.3,3.2,1.1,0.19999999999998863,0.5,1.7999999999999972,,,0.08,0.68,0.46
1628467,Maxi Kleber,LAL,82,240,33.0,34,18.7,636.875,3.0,0.489,0.5000000000000001,1.4,0.265,1.4,0.497,0.642,0.403,4.04,0.5,2.8,1.3,0.7,-2.8999999999999915,0.3,1.7999999999999972,,,0.0,0.26,0.85
1641721,Maxwell Lewis,BKN,79,215,22.0,28,11.7,327.68833333333333,4.1,0.516,0.4285714285714287,2.0999999999999996,0.38,1.8,0.504,0.717,0.255,4.39,0.3,2.0,0.7,0.5,-41.10000000000001,0.3,6.299999999999997,36.5,11.4,0.0,0.09,0.14
1630695,Micah Potter,UTA,81,248,27.0,38,18.6,705.165,4.3,0.563,0.7,1.0,0.316,2.6,0.437,0.583,0.316,4.34,0.4,4.3,0.8,0.8,-1.4000000000000057,0.4,-3.0999999999999943,,,0.03,0.24,0.97
1629008,Michael Porter Jr.,DEN,82,218,27.0,77,33.7,2593.2633333333333,18.2,0.617,0.6111111111111113,7.199999999999999,0.395,6.4,0.482,0.635,0.369,4.01,0.5,7.0,2.1,1.4,7.5,0.6,4.800000000000011,,,0.0,0.44,0.6
1628969,Mikal Bridges,NYK,78,209,28.0,82,37.0,3036.076666666667,17.6,0.585,0.5909090909090908,8.8,0.354,5.6,0.464,0.609,0.342,4.3,0.5,3.2,3.7,1.6,9.0,0.9,3.0,,,0.0,0.73,0.35
201144,Mike Conley,MIN,72,175,37.0,71,24.7,1755.85,8.2,0.573,0.36363636363636376,2.1999999999999993,0.41,4.4,0.484,0.609,0.37,4.35,0.2,2.6,4.5,1.1,2.0,1.1,-1.0999999999999943,40.5,11.63,0.1,0.42,0.32
1628970,Miles Bridges,CHA,79,225,27.0,64,31.7,2028.735,20.3,0.541,0.51,10.0,0.313,7.0,0.424,0.565,0.298,4.19,0.7,7.5,3.9,2.1,5.0,0.7,-1.7000000000000028,,,0.03,0.5,0.84
1630540,Miles McBride,NYK,73,195,24.0,64,24.9,1593.455,9.5,0.531,0.47222222222222227,3.5999999999999996,0.369,4.9,0.442,0.586,0.361,4.36,0.3,2.5,2.9,0.6,0.7999999999999972,1.0,-4.299999999999997,38.5,11.08,0.03,0.56,0.48
1641936,Miles Norris,BOS,79,220,25.0,3,11.6,34.916666666666664,2.3,0.354,0.0,0.7000000000000002,0.286,2.3,0.167,0.333,0.0,4.35,0.3,3.0,0.0,0.0,-35.099999999999994,0.7,0.6000000000000085,,,0.0,0.67,0.67
1629011,Mitchell Robinson,NYK,84,240,27.0,17,17.1,290.12333333333333,5.1,0.676,0.6666666666666667,3.3,0.0,0.0,0.461,0.695,0.256,4.02,1.1,5.9,0.8,0.6,-3.4000000000000057,0.9,-5.0,,,0.0,0.65,1.65
1628964,Mo Bamba,NOP,84,231,27.0,32,12.9,413.485,4.3,0.557,0.6111111111111112,1.8,0.278,1.7,0.443,0.543,0.385,4.06,1.0,4.5,0.6,0.6,-4.0,0.3,4.0,,,0.0,0.31,0.91
1628420,Monte Morris,PHX,74,183,30.0,45,12.7,570.77,5.2,0.546,0.45833333333333337,2.4,0.36,1.9,0.424,0.609,0.324,4.26,0.1,1.5,1.6,0.5,-3.4000000000000057,0.4,-10.299999999999997,33.5,11.0,0.0,0.21,0.23
1629021,Moritz Wagner,ORL,83,245,28.0,30,18.8,564.1566666666666,12.9,0.649,0.6551724137931034,5.800000000000001,0.36,2.5,0.513,0.618,0.319,4.25,0.4,4.9,1.4,1.6,-2.9000000000000057,0.8,-2.0,34.0,11.48,0.17,0.38,1.14
1629650,Moses Brown,DAL,86,258,25.0,13,9.1,118.57666666666667,5.8,0.706,0.6842105263157895,3.8,0.0,0.0,0.449,0.579,0.125,4.28,0.3,3.4,0.2,0.8,1.6999999999999886,0.5,-6.3999999999999915,31.0,11.95,0.0,0.09,0.45
1630541,Moses Moody,GSW,77,211,23.0,74,22.3,1649.15,9.8,0.578,0.5161290322580644,3.1000000000000005,0.374,4.6,0.476,0.629,0.388,4.22,0.4,2.6,1.3,0.7,0.7000000000000028,0.8,-1.1999999999999886,,,0.06,0.54,0.41
1631243,Mouhamed Gueye,ATL,82,210,22.0,33,16.1,532.7566666666667,6.0,0.52,0.5925925925925926,2.7,0.259,2.5,0.447,0.544,0.333,4.68,1.0,4.2,0.8,0.5,0.10000000000000853,0.8,-10.899999999999991,,,0.03,0.34,0.66
1631217,Moussa Diabaté,CHA,81,210,23.0,71,17.5,1240.6333333333334,5.7,0.609,0.631578947368421,3.8,0.0,0.1,0.478,0.609,0.343,4.34,0.6,6.2,0.8,0.9,1.6000000000000085,0.6,-6.1000000000000085,36.5,11.16,0.0,0.53,1.54
1626167,Myles Turner,IND,83,250,29.0,72,30.2,2173.6366666666668,15.6,0.612,0.5517241379310345,5.800000000000001,0.396,5.5,0.486,0.556,0.364,4.19,2.0,6.5,1.5,1.7,4.5,0.8,-1.0,,,0.0,0.33,1.69
1642368,N'Faly Dante,HOU,83,230,23.0,4,12.7,50.61666666666667,6.0,0.789,0.7575757575757576,3.3,0.0,0.0,0.5,0.455,0.5,4.51,1.3,5.3,0.5,0.5,0.10000000000000853,0.3,13.5,33.0,11.55,0.0,0.0,0.5
1641772,Nae'Qwan Tomlin,CLE,82,210,24.0,5,12.7,63.4,7.2,0.489,0.5,4.4,0.2,2.0,0.4,0.364,0.286,4.67,0.2,4.2,0.4,0.4,-23.799999999999997,0.0,-21.299999999999997,32.5,11.63,0.0,0.25,1.0
1630230,Naji Marshall,DAL,78,220,27.0,69,27.8,1919.0833333333333,13.2,0.584,0.6056338028169014,7.1000000000000005,0.275,3.2,0.467,0.623,0.332,4.14,0.2,4.8,3.0,1.6,-1.5999999999999943,1.0,2.1000000000000085,35.0,11.77,0.01,0.62,0.59
1631466,Nate Williams,HOU,77,205,26.0,20,7.3,146.62,3.3,0.496,0.611111111111111,1.8,0.231,1.3,0.527,0.7,0.455,4.42,0.2,0.7,0.5,0.7,-4.300000000000011,0.4,6.8999999999999915,,,0.0,0.25,0.25
1629675,Naz Reid,MIN,81,264,25.0,80,27.5,2200.116666666667,14.2,0.577,0.5438596491228069,5.7,0.379,5.8,0.452,0.587,0.322,4.13,0.9,6.0,2.3,1.4,3.799999999999997,0.7,-1.1000000000000085,32.5,12.03,0.05,0.54,1.03
1629674,Neemias Queta,BOS,84,248,25.0,62,13.9,863.09,5.0,0.674,0.6363636363636365,3.3,0.0,0.0,0.459,0.56,0.359,4.08,0.7,3.8,0.7,0.6,-1.3999999999999915,0.3,-1.2999999999999972,33.0,11.85,0.0,0.16,1.05
1629651,Nic Claxton,BKN,83,215,26.0,70,26.9,1881.7316666666666,10.3,0.569,0.576923076923077,7.8,0.238,0.3,0.498,0.597,0.396,4.21,1.4,7.4,2.2,1.2,-5.900000000000006,0.9,4.1000000000000085,36.5,11.26,0.03,0.41,1.17
1630208,Nick Richards,PHX,84,245,27.0,57,22.0,1256.2233333333334,9.3,0.634,0.5901639344262296,6.1,0.0,0.0,0.494,0.602,0.391,4.43,1.0,8.2,0.9,1.4,0.7999999999999972,0.2,8.200000000000003,34.0,11.42,0.05,0.4,1.72
1641733,Nick Smith Jr.,CHA,74,185,21.0,60,22.8,1368.7466666666667,9.9,0.502,0.45454545454545453,4.4,0.34,5.1,0.512,0.681,0.377,4.52,0.1,2.1,2.4,1.4,-5.700000000000003,0.3,2.3000000000000114,,,0.02,0.43,0.18
1629638,Nickeil Alexander-Walker,MIN,77,205,26.0,82,25.3,2073.1016666666665,9.4,0.579,0.5333333333333333,3.0,0.381,4.5,0.483,0.61,0.353,4.49,0.4,3.2,2.7,1.2,1.8999999999999915,0.6,-1.5,,,0.04,0.49,0.56
201587,Nicolas Batum,LAC,80,230,36.0,78,17.5,1367.3733333333332,4.0,0.633,0.3999999999999999,0.5,0.433,2.6,0.396,0.563,0.26,4.22,0.5,2.8,1.1,0.4,-4.099999999999994,0.7,-5.599999999999994,,,0.01,0.26,0.42
203999,Nikola Jokić,DEN,83,284,30.0,70,36.7,2570.765,29.6,0.663,0.6216216216216215,14.8,0.417,4.7,0.49,0.655,0.34,3.79,0.6,12.7,10.2,3.3,21.5,1.8,1.6999999999999886,,,0.0,0.56,2.51
1631107,Nikola Jović,MIA,82,205,22.0,46,25.1,1155.6766666666667,10.7,0.595,0.5555555555555556,3.5999999999999996,0.371,4.6,0.436,0.604,0.317,4.32,0.3,3.9,2.8,1.3,-2.8000000000000114,0.8,-1.0,,,0.0,0.41,0.57
202696,Nikola Vučević,CHI,82,260,34.0,73,31.2,2278.25,18.5,0.611,0.5816326530612246,9.799999999999999,0.402,4.4,0.475,0.639,0.291,3.95,0.7,10.1,3.5,1.6,3.299999999999997,0.8,5.400000000000006,25.0,12.02,0.0,0.33,2.14
1641730,Noah Clowney,BKN,81,210,20.0,46,22.7,1042.2866666666666,9.1,0.516,0.41666666666666674,2.3999999999999995,0.333,5.7,0.461,0.564,0.354,4.27,0.5,3.9,0.9,1.0,-6.0,0.5,0.9000000000000057,,,0.13,0.33,0.78
1626181,Norman Powell,LAC,76,215,32.0,60,32.6,1957.9883333333332,21.8,0.615,0.528735632183908,8.700000000000001,0.418,7.1,0.494,0.717,0.384,4.08,0.2,3.2,2.1,1.8,5.400000000000006,1.2,-2.0999999999999943,40.5,10.69,0.0,0.43,0.48
1628384,OG Anunoby,NYK,79,240,27.0,74,36.6,2705.7766666666666,18.0,0.591,0.5584415584415584,7.7,0.372,6.2,0.449,0.621,0.369,3.92,0.9,4.8,2.2,1.4,4.299999999999997,1.5,0.8999999999999915,,,0.04,0.7,0.88
1630167,Obi Toppin,IND,81,220,27.0,79,19.6,1544.815,10.5,0.642,0.6842105263157895,3.8,0.365,3.8,0.499,0.67,0.338,4.63,0.4,4.0,1.6,0.9,-0.10000000000000853,0.6,7.299999999999997,,,0.0,0.3,0.65
1630534,Ochai Agbaji,TOR,77,215,25.0,64,27.2,1738.67,10.4,0.601,0.6046511627906976,4.300000000000001,0.399,4.0,0.437,0.598,0.296,4.58,0.5,3.8,1.5,0.8,-3.6999999999999886,0.9,-0.3999999999999915,39.0,10.77,0.0,0.41,0.36
1641765,Olivier-Maxence Prosper,DAL,79,230,22.0,52,11.2,584.07,3.9,0.484,0.47826086956521746,2.3,0.235,1.0,0.446,0.581,0.311,4.65,0.1,2.4,0.8,0.3,-13.200000000000003,0.5,-5.700000000000003,40.5,10.59,0.0,0.37,0.6
1630168,Onyeka Okongwu,ATL,82,240,24.0,74,27.9,2063.9266666666667,13.4,0.634,0.6388888888888891,7.199999999999999,0.324,2.0,0.503,0.652,0.371,4.17,0.9,8.9,2.3,1.2,4.800000000000011,0.9,0.7000000000000028,,,0.0,0.58,1.55
1631115,Orlando Robinson,TOR,82,235,24.0,44,17.5,769.8016666666666,6.9,0.519,0.46808510638297873,4.7,0.327,1.2,0.443,0.6,0.252,4.35,0.4,5.0,1.8,1.1,-0.09999999999999432,0.4,-2.8999999999999915,27.5,11.4,0.0,0.44,1.07
1631131,Oscar Tshiebwe,UTA,80,255,25.0,14,18.2,255.17333333333335,7.6,0.64,0.6,5.0,0.0,0.0,0.514,0.714,0.397,4.4,0.1,8.7,0.6,0.7,3.700000000000003,0.9,-3.700000000000003,32.5,12.26,0.07,0.64,1.5
1629052,Oshae Brissett,PHI,79,210,27.0,6,23.7,142.24166666666667,8.7,0.576,0.6285714285714287,3.5,0.333,3.0,0.542,0.75,0.4,4.3,0.5,3.7,0.7,1.3,0.19999999999998863,0.7,-1.4000000000000057,37.5,11.3,0.33,0.17,1.0
1642345,Oso Ighodaro,PHX,84,235,22.0,61,17.1,1045.545,4.2,0.61,0.6129032258064515,3.1,0.0,0.0,0.463,0.603,0.364,4.23,0.5,3.6,1.2,0.6,-5.8999999999999915,0.5,-9.400000000000006,39.5,11.25,0.0,0.33,0.64
1631172,Ousmane Dieng,OKC,81,185,22.0,37,10.9,404.84166666666664,3.8,0.538,0.6,1.5,0.324,1.9,0.426,0.587,0.284,4.28,0.2,2.2,0.8,0.5,-16.299999999999997,0.5,-7.8999999999999915,,,0.0,0.31,0.44
200782,P.J. Tucker,NYK,77,245,40.0,3,19.3,57.86833333333333,3.0,0.643,0.0,0.2999999999999998,0.5,2.0,0.636,0.714,0.583,3.97,0.3,2.7,0.0,0.3,-9.5,0.3,16.900000000000006,,,0.0,0.0,1.5
1629023,P.J. Washington,DAL,78,230,26.0,57,32.2,1834.8583333333333,14.7,0.556,0.49333333333333335,7.499999999999999,0.381,4.2,0.504,0.611,0.409,4.19,1.1,7.8,2.3,2.1,3.1000000000000085,1.1,-1.2999999999999972,34.0,11.39,0.0,0.67,0.74
1628408,PJ Dozier,MIN,78,205,28.0,9,3.9,34.916666666666664,0.8,0.621,,0.0,0.667,0.3,0.444,0.75,0.0,4.37,0.0,0.6,0.6,0.1,-12.100000000000009,0.1,-0.7000000000000028,39.0,10.84,0.0,0.0,0.2
1641790,PJ Hall,DEN,82,245,23.0,19,3.5,66.18333333333334,1.7,0.641,0.6666666666666666,0.9,0.25,0.4,0.25,0.429,0.222,4.1,0.2,1.2,0.2,0.1,-27.39999999999999,0.0,-24.10000000000001,39.5,11.76,0.0,0.14,0.43
1642359,Pacôme Dadiet,NYK,80,210,19.0,18,6.2,111.17833333333333,1.7,0.446,0.5000000000000001,0.5999999999999999,0.316,1.1,0.511,0.667,0.4,4.58,0.1,1.0,0.3,0.2,-13.799999999999997,0.2,-0.20000000000000284,36.0,11.84,0.0,0.23,0.15
1631094,Paolo Banchero,ORL,82,250,22.0,46,34.4,1581.53,25.9,0.551,0.5107913669064748,13.9,0.32,5.9,0.446,0.591,0.332,4.05,0.6,7.5,4.8,3.0,1.0999999999999943,0.8,2.5,,,0.02,0.54,0.63
1627783,Pascal Siakam,IND,80,245,31.0,78,32.7,2547.8533333333335,20.2,0.599,0.5727272727272728,11.0,0.389,4.2,0.464,0.591,0.362,4.2,0.5,6.9,3.4,1.4,2.700000000000003,0.9,-7.099999999999994,36.5,11.25,0.0,0.83,1.19
1626192,Pat Connaughton,MIL,77,209,32.0,41,14.7,602.8266666666667,5.3,0.567,0.6086956521739131,2.3,0.321,2.0,0.494,0.602,0.395,4.39,0.3,2.7,1.7,0.6,-3.3999999999999915,0.2,2.5999999999999943,44.0,10.58,0.0,0.28,0.21
1630311,Pat Spencer,GSW,75,205,28.0,39,6.4,249.61166666666668,2.5,0.455,0.5,2.0,0.227,0.6,0.53,0.684,0.476,4.75,0.1,1.2,1.2,0.5,-9.400000000000006,0.4,-3.0,,,0.0,0.16,0.08
1631116,Patrick Baldwin Jr.,LAC,81,220,22.0,24,4.4,106.74833333333333,2.2,0.721,0.6000000000000001,0.5,0.565,1.0,0.483,0.4,0.5,4.37,0.1,1.0,0.1,0.2,-43.5,0.1,13.0,26.5,12.25,0.0,0.0,0.21
1630172,Patrick Williams,CHI,79,215,23.0,63,25.0,1576.3266666666666,9.0,0.512,0.46153846153846156,3.8999999999999995,0.353,4.3,0.515,0.692,0.379,4.35,0.5,3.8,2.0,1.4,-5.799999999999997,0.8,0.0,,,0.0,0.4,0.92
201988,Patty Mills,LAC,74,180,36.0,29,11.1,320.655,3.8,0.543,0.42857142857142866,0.6999999999999997,0.347,2.6,0.47,0.667,0.32,4.54,0.1,0.8,0.9,0.6,-7.5,0.4,13.199999999999989,33.0,10.87,0.16,0.32,0.24
202331,Paul George,PHI,80,220,35.0,41,32.5,1333.5933333333332,16.2,0.543,0.5,7.4,0.358,6.5,0.462,0.617,0.372,4.06,0.5,5.3,4.3,2.6,-2.9000000000000057,1.8,-7.0,,,0.05,1.24,0.66
1630194,Paul Reed,DET,81,210,26.0,45,9.7,437.5366666666667,4.1,0.573,0.5384615384615385,2.6,0.286,0.6,0.483,0.523,0.419,4.37,0.6,2.7,1.0,0.6,-3.1000000000000085,0.9,-7.099999999999994,37.5,12.29,0.02,0.32,0.5
1630202,Payton Pritchard,BOS,73,195,27.0,80,28.4,2270.875,14.3,0.633,0.633333333333333,3.000000000000001,0.407,7.8,0.443,0.603,0.31,4.18,0.2,3.8,3.5,1.0,0.4000000000000057,0.9,0.4000000000000057,,,0.03,0.75,0.44
1641796,Pelle Larsson,MIA,77,215,24.0,55,14.2,781.9466666666667,4.6,0.546,0.5,2.0,0.337,1.7,0.481,0.719,0.372,4.53,0.1,1.7,1.2,0.4,-0.9000000000000057,0.6,-3.200000000000003,38.0,11.15,0.04,0.36,0.57
1631250,Pete Nance,MIL,82,225,25.0,13,10.6,138.16666666666666,2.9,0.578,0.5714285714285716,0.7,0.375,1.8,0.553,0.742,0.393,4.18,0.2,1.6,0.8,0.3,-11.700000000000003,0.2,-4.1000000000000085,,,0.0,0.1,1.2
1631212,Peyton Watson,DEN,79,200,22.0,68,24.3,1655.7283333333332,8.1,0.564,0.5348837209302325,4.3,0.353,2.0,0.44,0.559,0.345,4.31,1.4,3.4,1.4,0.8,-6.599999999999994,0.7,0.0,33.5,11.03,0.01,0.51,0.26
1630762,Phillip Wheeler,PHI,80,185,23.0,5,8.9,44.39666666666667,1.6,0.183,0.2727272727272727,2.2,0.0,2.0,0.467,0.6,0.286,4.45,0.4,1.6,0.4,0.2,5.0,0.2,-29.10000000000001,,,0.0,0.0,0.0
1630173,Precious Achiuwa,NYK,80,243,25.0,57,20.5,1169.6133333333332,6.6,0.53,0.5294117647058822,5.1000000000000005,0.278,0.6,0.479,0.635,0.385,4.2,0.7,5.6,1.0,0.8,-8.700000000000003,0.8,-1.2999999999999972,,,0.0,0.45,1.05
1629656,Quentin Grimes,PHI,76,210,25.0,75,26.8,2013.09,14.6,0.595,0.5370370370370369,5.4,0.385,5.6,0.454,0.613,0.307,4.29,0.3,4.3,3.0,1.9,0.7000000000000028,1.0,3.5999999999999943,38.5,11.09,0.03,0.73,0.31
1631245,Quenton Jackson,IND,77,173,26.0,28,13.6,381.03833333333336,5.8,0.58,0.5333333333333333,3.0000000000000004,0.375,1.4,0.518,0.621,0.397,4.66,0.2,1.6,1.9,0.6,-4.599999999999994,0.8,-3.3000000000000114,,,0.0,0.41,0.14
1642439,Quincy Olivari,LAL,75,200,24.0,2,5.2,10.3,1.5,0.3,,0.0,0.2,2.5,0.667,1.0,0.5,4.24,0.0,0.0,0.5,0.5,-44.7,0.0,34.5,,,0.0,0.0,0.0
1642366,Quinten Post,GSW,84,238,25.0,42,16.3,685.7566666666667,8.1,0.595,0.5454545454545454,2.2,0.408,4.3,0.457,0.574,0.321,4.44,0.4,3.5,1.3,0.8,-2.4000000000000057,0.4,-1.7000000000000028,27.0,11.48,0.0,0.26,0.98
1629628,RJ Barrett,TOR,78,214,25.0,58,32.2,1868.8033333333333,21.1,0.547,0.5258620689655173,11.599999999999998,0.35,5.3,0.482,0.597,0.378,4.37,0.3,6.3,5.4,2.9,3.0999999999999943,0.8,1.9000000000000057,,,0.05,0.59,0.5
1642484,RayJ Dennis,IND,74,180,24.0,11,6.4,70.38333333333334,2.7,0.443,0.45454545454545453,1.1,0.286,1.9,0.531,0.571,0.333,4.6,0.2,1.1,1.3,0.5,-3.5,0.6,-26.299999999999997,,,0.0,0.67,0.17
1641712,Rayan Rupert,POR,78,195,21.0,52,8.8,459.5416666666667,3.0,0.499,0.5,1.6,0.271,1.1,0.389,0.527,0.286,4.61,0.1,1.3,0.5,0.6,-11.400000000000006,0.3,-4.1000000000000085,32.5,11.18,0.05,0.16,0.21
1641736,Reece Beekman,BKN,75,190,23.0,36,13.0,469.30333333333334,2.6,0.4,0.4210526315789474,1.9,0.175,1.1,0.486,0.8,0.276,4.44,0.1,1.1,1.8,0.6,38.3,0.9,26.200000000000017,36.5,10.86,0.0,0.28,0.19
1642263,Reed Sheppard,HOU,74,185,21.0,52,12.6,654.3516666666667,4.4,0.465,0.3684210526315791,1.8999999999999995,0.338,2.7,0.469,0.608,0.337,4.49,0.3,1.5,1.4,0.7,-7.099999999999994,0.7,1.7999999999999972,42.0,10.96,0.0,0.24,0.1
202704,Reggie Jackson,PHI,74,208,35.0,31,12.4,383.9916666666667,4.4,0.496,0.47368421052631576,1.9,0.338,2.4,0.516,0.737,0.429,4.07,0.1,1.4,1.5,0.5,-2.700000000000003,0.5,-2.9000000000000057,,,0.04,0.25,0.07
1626158,Richaun Holmes,WAS,81,235,31.0,31,17.2,534.135,7.4,0.695,0.6590909090909091,4.4,0.0,0.1,0.456,0.529,0.403,4.0,0.7,5.7,1.4,0.7,5.700000000000003,0.3,-3.5999999999999943,36.0,11.24,0.0,0.37,0.97
1641741,Ricky Council IV,PHI,78,207,23.0,73,17.1,1250.015,7.3,0.502,0.47058823529411764,3.4,0.258,2.9,0.462,0.614,0.367,4.35,0.2,2.9,1.3,0.7,0.0,0.4,-0.7000000000000028,37.0,11.2,0.02,0.32,0.24
1642434,Riley Minix,SAS,79,230,24.0,1,6.8,6.75,0.0,0.0,,0.0,0.0,1.0,0.0,,0.0,4.23,0.0,2.0,0.0,0.0,-20.200000000000003,0.0,-23.10000000000001,,,0.0,0.0,0.0
1642265,Rob Dillingham,MIN,75,175,20.0,49,10.5,515.975,4.5,0.503,0.5,2.8,0.338,1.5,0.432,0.618,0.342,4.5,0.0,1.0,2.0,1.1,-3.299999999999997,0.4,1.0,,,0.0,0.28,0.06
1629057,Robert Williams III,POR,81,249,27.0,20,17.6,351.33,5.8,0.679,0.6486486486486487,3.6999999999999997,0.333,0.2,0.355,0.408,0.259,4.09,1.7,5.9,1.1,0.9,-4.799999999999997,0.7,-5.6000000000000085,,,0.0,0.32,0.68
1631199,Ron Harper Jr.,DET,76,233,25.0,1,17.0,17.0,4.0,0.225,0.5,2.0,0.0,6.0,0.0,0.0,,4.18,0.0,7.0,2.0,0.0,3.6999999999999886,0.0,4.799999999999997,30.5,11.41,0.0,0.0,0.0
1641842,Ronald Holland II,DET,80,206,19.0,81,15.6,1266.3216666666667,6.4,0.556,0.625,3.1999999999999997,0.238,1.9,0.469,0.651,0.339,4.36,0.2,2.7,1.0,0.9,-5.299999999999997,0.6,-0.7999999999999972,38.0,11.1,0.0,0.5,0.08
1626220,Royce O'Neale,PHX,78,226,32.0,75,24.5,1836.8733333333332,9.1,0.585,0.470588235294118,1.6999999999999993,0.406,5.9,0.47,0.633,0.359,4.21,0.4,4.7,2.2,0.9,-1.6000000000000085,0.9,0.20000000000000284,,,0.0,0.47,0.47
203497,Rudy Gobert,MIN,85,258,33.0,72,33.2,2388.423333333333,12.0,0.687,0.6619718309859155,7.1,0.0,0.0,0.458,0.537,0.319,4.19,1.4,10.9,1.8,1.2,-0.29999999999999716,0.8,-4.400000000000006,29.0,12.85,0.01,0.35,2.07
1629060,Rui Hachimura,LAL,80,230,27.0,59,31.7,1868.825,13.1,0.619,0.5892857142857142,5.6000000000000005,0.413,4.2,0.456,0.617,0.34,4.24,0.4,5.0,1.4,0.8,1.8999999999999915,0.8,-3.5,,,0.02,0.44,1.2
201566,Russell Westbrook,DEN,76,200,36.0,75,27.9,2092.2916666666665,13.3,0.532,0.513888888888889,7.199999999999999,0.323,3.9,0.463,0.686,0.335,3.93,0.5,4.9,6.1,3.2,-4.200000000000003,1.4,4.900000000000006,36.5,10.98,0.04,0.65,0.27
1642346,Ryan Dunn,PHX,80,216,22.0,74,19.1,1410.4166666666667,6.9,0.517,0.607142857142857,2.8000000000000003,0.311,3.6,0.446,0.584,0.349,4.55,0.5,3.6,0.8,0.5,-4.0,0.6,-1.5,38.5,10.99,0.0,0.42,0.21
1631157,Ryan Rollins,MIL,75,180,22.0,56,14.6,819.525,6.2,0.6,0.5555555555555556,2.6999999999999997,0.408,2.1,0.436,0.577,0.355,4.54,0.3,1.9,1.9,0.9,-0.7000000000000028,0.8,-4.400000000000006,36.5,11.26,0.0,0.4,0.16
1630573,Sam Hauser,BOS,79,217,27.0,71,21.7,1541.1333333333334,8.5,0.632,0.6363636363636362,1.1000000000000005,0.416,5.6,0.502,0.623,0.37,4.48,0.2,3.2,0.9,0.3,2.8999999999999915,0.6,1.3999999999999915,34.5,11.14,0.01,0.41,0.53
1630241,Sam Merrill,CLE,76,205,29.0,71,19.7,1401.2816666666668,7.2,0.583,0.6250000000000001,0.7999999999999998,0.372,5.2,0.435,0.576,0.37,4.43,0.2,2.2,1.5,0.5,-3.6999999999999886,0.7,-5.700000000000003,,,0.13,0.27,0.2
1630572,Sandro Mamukelashvili,SAS,81,240,26.0,61,11.2,681.2083333333334,6.3,0.628,0.65,1.9999999999999996,0.373,2.6,0.481,0.648,0.331,4.52,0.3,3.1,0.8,0.4,-1.5,0.4,-3.1999999999999886,36.5,11.63,0.0,0.43,0.61
1630583,Santi Aldama,MEM,84,215,24.0,65,25.5,1659.6483333333333,12.5,0.588,0.6,5.0,0.368,5.0,0.451,0.598,0.308,4.63,0.4,6.4,2.9,1.1,0.3999999999999915,0.8,2.299999999999997,,,0.02,0.45,0.55
1630703,Scoot Henderson,POR,75,206,21.0,66,26.7,1759.0716666666667,12.7,0.54,0.45762711864406774,5.9,0.354,4.5,0.499,0.66,0.355,4.41,0.2,3.0,5.1,2.7,5.200000000000003,1.0,1.7999999999999972,,,0.0,0.76,0.24
1630567,Scottie Barnes,TOR,79,237,23.0,65,32.8,2134.13,19.3,0.523,0.5041322314049588,12.099999999999998,0.271,4.3,0.457,0.562,0.345,4.32,1.0,7.7,5.8,2.8,-1.2999999999999972,1.4,-4.1000000000000085,39.5,10.88,0.0,0.78,1.06
1630590,Scotty Pippen Jr.,MEM,73,170,24.0,79,21.3,1682.88,9.9,0.582,0.5319148936170213,4.7,0.397,2.8,0.457,0.614,0.375,4.7,0.4,3.3,4.4,1.7,-8.0,1.3,-2.5,37.5,11.07,0.06,0.7,0.19
203552,Seth Curry,CHA,73,185,34.0,68,15.6,1061.9566666666667,6.5,0.616,0.5217391304347826,2.3,0.456,2.7,0.486,0.67,0.363,4.2,0.1,1.7,0.9,0.5,0.5,0.4,-1.0,,,0.03,0.4,0.28
1631101,Shaedon Sharpe,POR,77,208,22.0,72,31.3,2252.33,18.5,0.551,0.5632183908045977,8.700000000000001,0.311,6.6,0.49,0.641,0.371,4.28,0.2,4.5,2.8,2.1,3.5,0.9,4.200000000000003,,,0.03,0.5,0.35
1628983,Shai Gilgeous-Alexander,OKC,78,195,26.0,76,34.2,2597.63,32.7,0.637,0.5714285714285714,16.1,0.375,5.7,0.441,0.603,0.343,4.0,1.0,5.0,6.4,2.4,11.300000000000011,1.7,-0.20000000000000284,,,0.01,0.95,0.53
1629003,Shake Milton,LAL,77,205,28.0,57,14.7,836.2766666666666,5.5,0.563,0.5,2.6,0.358,1.9,0.513,0.677,0.431,4.17,0.1,1.8,1.8,0.7,-11.0,0.4,1.5,33.0,11.07,0.09,0.24,0.13
1631321,Sidy Cissoko,POR,78,200,21.0,22,5.2,114.46333333333334,1.5,0.471,0.625,0.7999999999999999,0.231,0.6,0.607,0.75,0.5,4.1,0.0,1.0,0.7,0.5,-21.0,0.1,-22.299999999999997,35.5,11.24,0.0,0.57,0.14
1631323,Simone Fontecchio,DET,79,209,29.0,75,16.5,1236.6816666666666,5.9,0.544,0.5,2.0,0.335,3.0,0.487,0.644,0.373,4.54,0.2,2.9,0.9,0.7,-4.0,0.4,-2.799999999999997,,,0.01,0.35,0.69
1627746,Skal Labissiere,SAC,82,235,29.0,4,3.0,11.96,1.3,0.625,0.28571428571428575,0.7,1.0,0.3,1.0,,1.0,4.18,0.0,0.8,0.3,0.0,-2.5,0.0,11.700000000000003,,,0.0,0.5,0.5
203915,Spencer Dinwiddie,DAL,77,215,32.0,79,27.0,2136.085,11.0,0.553,0.48888888888888893,4.5,0.334,4.1,0.47,0.614,0.395,3.86,0.2,2.6,4.4,1.3,-4.6000000000000085,0.9,3.799999999999997,,,0.0,0.38,0.41
1642461,Spencer Jones,DEN,79,225,24.0,20,6.2,124.625,1.3,0.368,0.625,0.7999999999999999,0.059,0.9,0.303,0.333,0.278,4.55,0.3,0.9,0.3,0.3,-30.299999999999997,0.3,-7.799999999999997,,,0.0,0.31,0.69
1630649,Stanley Umude,MIL,78,210,26.0,22,3.9,85.77666666666667,0.7,0.27,0.2,0.5,0.2,0.7,0.486,0.571,0.563,4.08,0.3,0.8,0.2,0.1,-30.10000000000001,0.1,-17.299999999999997,,,0.0,0.18,0.0
201939,Stephen Curry,GSW,74,185,37.0,70,32.2,2252.45,24.5,0.618,0.5441176470588234,6.800000000000001,0.397,11.2,0.451,0.584,0.385,4.26,0.4,4.4,6.0,2.9,13.400000000000006,1.1,7.6000000000000085,35.5,11.07,0.09,0.7,0.31
1642264,Stephon Castle,SAS,78,215,20.0,81,26.7,2162.0216666666665,14.7,0.522,0.4938271604938272,8.1,0.285,4.1,0.478,0.649,0.33,4.23,0.3,3.7,4.1,2.2,-0.10000000000000853,0.9,4.299999999999997,37.0,10.93,0.0,0.68,0.08
203500,Steven Adams,HOU,83,265,31.0,58,13.7,794.0666666666667,3.9,0.541,0.5517241379310345,2.9,0.0,0.0,0.482,0.6,0.389,4.06,0.5,5.6,1.1,0.9,1.8999999999999915,0.4,-4.199999999999989,33.0,11.85,0.0,0.54,2.16
1629004,Svi Mykhailiuk,UTA,79,205,28.0,38,20.0,760.3066666666666,8.8,0.526,0.4999999999999999,2.6000000000000005,0.345,5.3,0.509,0.667,0.387,4.34,0.2,2.4,2.0,1.4,0.7999999999999972,0.5,-1.5,37.0,11.25,0.0,0.42,0.06
204456,T.J. McConnell,IND,73,190,33.0,79,17.9,1415.4333333333334,9.1,0.547,0.5342465753424657,7.300000000000001,0.306,0.6,0.448,0.625,0.304,4.78,0.3,2.4,4.4,1.4,-4.300000000000011,1.1,2.5999999999999943,31.5,10.95,0.1,0.55,0.05
201959,Taj Gibson,CHA,81,232,40.0,37,11.1,408.85,2.9,0.515,0.52,2.5,0.5,0.1,0.364,0.479,0.29,4.05,0.5,3.2,0.6,0.7,-10.800000000000011,0.2,-5.299999999999997,30.0,11.56,0.03,0.31,1.26
1629659,Talen Horton-Tucker,CHI,76,234,24.0,58,12.5,723.695,6.5,0.567,0.5517241379310345,2.9,0.336,2.1,0.425,0.644,0.348,4.24,0.2,1.7,1.4,0.7,-1.3999999999999915,0.4,-5.200000000000003,34.5,11.34,0.04,0.18,0.34
1631106,Tari Eason,HOU,80,215,24.0,57,24.9,1420.1933333333334,12.0,0.567,0.5606060606060606,6.6000000000000005,0.342,3.2,0.442,0.605,0.34,4.22,0.9,6.4,1.5,1.1,1.7999999999999972,1.7,0.5,,,0.0,0.96,0.74
1627752,Taurean Prince,MIL,78,218,31.0,80,27.1,2165.86,8.2,0.613,0.4999999999999999,2.2,0.439,4.2,0.473,0.624,0.331,4.08,0.2,3.6,1.9,1.0,0.7999999999999972,1.0,6.900000000000006,36.0,10.96,0.05,0.29,0.41
1641707,Taylor Hendricks,UTA,81,215,21.0,3,24.8,74.51666666666667,4.7,0.354,0.15000000000000002,2.0,0.25,4.0,0.417,0.5,0.25,4.45,1.3,5.0,0.7,0.7,-14.799999999999997,1.7,-10.399999999999991,36.0,11.27,0.0,0.67,0.0
1631386,Taze Moore,POR,77,195,27.0,2,9.9,19.85,3.0,0.276,0.16666666666666666,3.0,0.25,2.0,0.143,0.0,0.25,4.5,0.0,4.0,0.5,1.0,-51.7,1.0,-37.8,,,0.0,0.0,1.0
1629611,Terance Mann,ATL,77,215,28.0,67,21.1,1414.25,7.7,0.584,0.5789473684210527,3.8000000000000003,0.368,2.4,0.46,0.621,0.338,4.32,0.2,3.0,1.8,0.7,1.7999999999999972,0.7,5.799999999999997,38.5,11.51,0.0,0.28,0.36
1629056,Terence Davis,SAC,76,201,28.0,1,7.9,7.883333333333334,0.0,0.0,0.0,1.0,0.0,1.0,0.4,0.5,0.0,4.32,0.0,1.0,1.0,0.0,-32.39999999999999,0.0,-10.899999999999991,34.0,10.69,0.0,0.0,0.0
1630545,Terrence Shannon Jr.,MIN,78,215,24.0,32,10.6,338.8283333333333,4.3,0.56,0.5384615384615384,2.6,0.355,1.0,0.485,0.606,0.346,4.21,0.2,1.5,1.0,0.5,-8.400000000000006,0.2,-3.799999999999997,37.5,10.36,0.0,0.3,0.33
1626179,Terry Rozier,MIA,73,190,31.0,64,25.9,1658.22,10.6,0.497,0.4901960784313725,5.1000000000000005,0.295,4.8,0.488,0.63,0.421,4.4,0.2,3.7,2.6,1.2,-7.0,0.6,1.5999999999999943,38.0,10.84,0.03,0.6,0.18
1630678,Terry Taylor,SAC,76,230,25.0,3,2.1,6.333333333333333,0.0,0.0,0.0,0.3,0.0,0.0,0.0,,0.0,3.34,0.0,0.3,0.7,0.0,19.999999999999986,0.0,-50.39999999999999,,,,,
1628418,Thomas Bryant,IND,82,248,27.0,66,14.6,963.0166666666667,6.5,0.614,0.6666666666666666,2.7,0.324,2.2,0.492,0.567,0.313,4.13,0.6,3.8,0.8,0.5,1.3999999999999915,0.4,-2.8000000000000114,33.0,11.42,0.02,0.2,1.22
1642275,Tidjane Salaün,CHA,80,207,19.0,60,20.7,1244.3533333333332,5.9,0.457,0.375,2.4,0.283,3.4,0.463,0.636,0.342,4.47,0.2,4.7,1.2,1.0,-9.399999999999991,0.5,-4.799999999999997,32.0,11.45,0.07,0.33,0.5
203501,Tim Hardaway Jr.,DET,77,205,33.0,77,28.0,2152.795,11.0,0.567,0.4827586206896551,2.9000000000000004,0.368,5.9,0.473,0.634,0.364,4.1,0.1,2.4,1.6,0.6,1.3999999999999915,0.5,6.400000000000006,37.5,10.68,0.24,0.42,0.32
202699,Tobias Harris,DET,80,226,32.0,73,31.6,2305.4133333333334,13.7,0.571,0.554054054054054,7.4,0.345,3.6,0.474,0.612,0.398,4.14,0.8,5.9,2.2,1.2,2.6000000000000085,1.0,-1.2000000000000028,37.5,10.96,0.0,0.51,1.08
1642449,Tolu Smith,DET,83,,24.0,1,22.4,22.35,14.0,0.678,0.6666666666666666,9.0,0.0,0.0,0.471,0.4,0.5,4.15,0.0,8.0,0.0,2.0,0.5,0.0,-7.599999999999994,,,0.0,0.0,3.0
1628396,Tony Bradley,IND,83,248,27.0,14,8.1,112.73833333333333,4.4,0.64,0.6666666666666666,3.0,0.333,0.2,0.417,0.583,0.176,4.28,0.6,3.0,0.4,0.4,-4.1000000000000085,0.1,-19.30000000000001,27.5,11.79,0.0,0.18,1.0
1628470,Torrey Craig,BOS,77,221,34.0,26,12.1,313.94666666666666,4.2,0.567,0.6,1.0,0.364,2.5,0.404,0.532,0.328,4.37,0.5,2.8,0.7,0.3,-16.10000000000001,0.3,-0.7999999999999972,,,0.04,0.4,0.32
1641787,Tosan Evbuomwan,BKN,79,217,24.0,28,23.7,664.93,9.5,0.53,0.4901960784313725,5.1000000000000005,0.312,2.8,0.459,0.563,0.369,4.41,0.4,4.3,2.0,1.4,-2.8999999999999915,0.9,-8.0,,,0.07,0.46,0.43
1641739,Toumani Camara,POR,79,229,25.0,78,32.7,2548.0516666666667,11.3,0.572,0.5434782608695653,4.6,0.375,4.6,0.491,0.641,0.361,4.57,0.6,5.8,2.2,1.4,4.5,1.5,2.0999999999999943,33.0,10.7,0.4,0.74,1.03
1629027,Trae Young,ATL,73,164,26.0,76,36.0,2739.06,24.2,0.567,0.46391752577319584,9.700000000000001,0.34,8.4,0.482,0.661,0.359,4.05,0.2,3.1,11.6,4.7,10.0,1.2,5.699999999999989,,,0.07,0.64,0.16
1631218,Trayce Jackson-Davis,GSW,81,245,25.0,62,15.6,966.7866666666666,6.6,0.587,0.5714285714285714,4.9,0.0,0.0,0.481,0.607,0.353,4.36,0.6,5.0,1.7,0.7,-7.200000000000003,0.4,1.5999999999999943,36.5,11.8,0.0,0.38,1.19
1630200,Tre Jones,CHI,73,185,25.0,46,19.7,904.9716666666667,7.2,0.617,0.5714285714285714,4.2,0.396,1.0,0.497,0.676,0.372,4.5,0.2,2.5,4.2,0.8,-1.2000000000000028,0.8,7.1000000000000085,,,0.07,0.33,0.19
1630544,Tre Mann,CHA,75,178,24.0,13,24.5,319.045,14.1,0.537,0.46153846153846156,7.800000000000001,0.4,4.6,0.437,0.595,0.34,4.36,0.3,2.9,3.0,1.9,0.5999999999999943,0.5,-1.0999999999999943,,,0.0,0.54,0.0
1630570,Trendon Watford,BKN,80,237,24.0,44,20.7,912.6766666666666,10.2,0.557,0.5,6.0,0.33,2.0,0.456,0.599,0.333,4.15,0.3,3.6,2.6,1.9,-2.8000000000000114,0.6,-6.799999999999997,35.0,11.69,0.07,0.51,0.42
1642280,Trentyn Flowers,LAC,81,185,20.0,6,4.4,26.515,1.8,0.446,0.4666666666666666,1.5,0.0,0.3,0.5,0.75,0.25,4.28,0.0,0.7,0.0,0.2,-26.0,0.0,-7.700000000000003,42.0,11.01,0.0,0.0,0.0
1630243,Trevelin Queen,ORL,77,190,28.0,31,13.9,430.28,4.9,0.486,0.5,2.2,0.286,2.5,0.494,0.649,0.328,4.29,0.3,1.7,1.2,0.7,-7.599999999999994,1.0,2.5999999999999943,,,0.0,0.48,0.16
1641725,Trey Alexander,DEN,76,185,22.0,24,4.9,117.22166666666666,1.3,0.374,0.4,1.0,0.176,0.7,0.459,0.714,0.286,4.37,0.0,0.5,0.5,0.2,-25.39999999999999,0.1,-10.200000000000003,32.0,11.37,0.0,0.14,0.07
1641998,Trey Jemison III,LAL,83,270,25.0,38,10.3,392.0233333333333,2.5,0.537,0.5789473684210527,1.9,0.0,0.0,0.455,0.567,0.38,4.33,0.4,2.8,0.4,0.6,-6.299999999999997,0.2,-9.600000000000009,,,0.0,0.32,0.91
1626168,Trey Lyles,SAC,81,234,29.0,69,19.6,1349.5216666666668,6.5,0.551,0.5499999999999998,2.0000000000000004,0.34,3.4,0.489,0.658,0.333,4.25,0.3,4.6,1.2,0.6,-4.799999999999997,0.6,-0.4000000000000057,,,0.14,0.41,0.83
1630530,Trey Murphy III,NOP,80,206,25.0,53,35.0,1854.23,21.2,0.598,0.56,7.5,0.361,8.3,0.515,0.673,0.365,4.17,0.7,5.1,3.5,1.9,0.09999999999999432,1.1,1.2999999999999972,38.0,11.65,0.0,0.57,0.36
202684,Tristan Thompson,CLE,81,254,34.0,40,8.2,328.17,1.7,0.41,0.4705882352941177,1.7,0.0,0.1,0.427,0.509,0.342,3.93,0.3,3.4,0.6,0.4,-25.599999999999994,0.1,-1.7999999999999972,35.0,10.92,0.0,0.14,0.59
1641774,Tristan Vukcevic,WAS,84,220,22.0,35,14.6,512.51,9.4,0.608,0.575,4.0,0.373,2.9,0.517,0.635,0.404,4.11,0.7,3.7,1.1,1.2,-3.200000000000003,0.3,-3.700000000000003,30.5,11.71,0.13,0.16,0.65
1641783,Tristan da Silva,ORL,80,217,24.0,74,22.0,1628.6116666666667,7.2,0.522,0.4848484848484849,3.3,0.335,3.2,0.455,0.553,0.391,4.37,0.2,3.3,1.5,0.8,-2.9000000000000057,0.4,3.8999999999999915,35.5,10.81,0.0,0.38,0.69
1641803,Tristen Newton,MIN,77,190,24.0,8,2.0,16.145,0.4,0.178,0.16666666666666669,0.6,0.0,0.4,0.375,0.0,0.2,4.36,0.0,0.5,0.3,0.3,-63.4,0.1,-41.10000000000001,32.5,10.96,0.0,0.0,0.0
1629660,Ty Jerome,CLE,77,195,27.0,70,19.9,1392.4,12.5,0.643,0.5769230769230768,5.200000000000001,0.439,3.6,0.495,0.655,0.366,4.23,0.0,2.5,3.4,1.3,0.5,1.1,-0.29999999999999716,31.5,11.21,0.0,0.36,0.16
1631102,TyTy Washington Jr.,PHX,75,195,23.0,16,7.4,118.34833333333333,2.2,0.367,0.40000000000000013,1.4999999999999998,0.19,1.3,0.353,0.75,0.167,4.19,0.0,0.8,1.0,0.2,-5.599999999999994,0.2,-12.299999999999997,,,0.0,0.71,0.71
1629639,Tyler Herro,MIA,77,195,25.0,77,35.4,2725.08,23.9,0.605,0.5652173913043479,9.2,0.375,8.7,0.485,0.61,0.378,4.4,0.2,5.2,5.5,2.6,8.600000000000009,0.9,4.8999999999999915,,,0.0,0.66,0.35
1642278,Tyler Kolek,NYK,75,195,24.0,41,7.2,296.15166666666664,2.0,0.453,0.4444444444444445,0.8999999999999999,0.298,1.1,0.515,0.684,0.364,4.28,0.1,0.7,1.7,0.4,-14.0,0.3,-9.399999999999991,34.0,10.97,0.05,0.18,0.14
1641890,Tyler Smith,MIL,81,224,20.0,23,5.3,121.57333333333334,2.9,0.626,0.4444444444444444,0.9000000000000001,0.433,1.3,0.364,0.529,0.286,4.32,0.2,1.1,0.2,0.3,-12.0,0.1,-16.900000000000006,38.0,10.74,0.07,0.21,0.14
1630169,Tyrese Haliburton,IND,77,185,25.0,73,33.6,2450.391666666667,18.6,0.616,0.5737704918032787,6.1000000000000005,0.388,7.7,0.471,0.596,0.376,4.36,0.7,3.5,9.2,1.6,9.700000000000003,1.4,5.0,,,0.0,0.68,0.21
1631213,Tyrese Martin,BKN,78,215,26.0,60,21.9,1315.32,8.7,0.533,0.4838709677419356,3.0999999999999996,0.351,4.7,0.5,0.607,0.394,4.55,0.2,3.7,2.0,1.2,-5.700000000000003,0.6,-1.3999999999999915,,,0.0,0.45,0.31
1630178,Tyrese Maxey,PHI,74,200,24.0,52,37.7,1960.195,26.3,0.562,0.5169491525423728,11.8,0.337,9.2,0.454,0.651,0.365,4.28,0.4,3.3,6.1,2.4,7.099999999999994,1.8,1.2000000000000028,,,0.02,0.67,0.31
1630623,Tyson Etienne,BKN,74,200,25.0,7,21.6,151.08166666666668,7.9,0.488,0.4545454545454543,1.1000000000000005,0.295,6.3,0.541,0.75,0.4,4.88,0.1,1.3,1.7,1.1,-10.600000000000009,0.4,3.0,,,0.0,0.14,0.43
1626145,Tyus Jones,PHX,73,196,29.0,81,26.8,2173.516666666667,10.2,0.585,0.5294117647058822,3.4000000000000004,0.414,5.0,0.478,0.712,0.321,4.3,0.1,2.4,5.3,1.1,1.2999999999999972,0.9,-0.20000000000000284,32.5,11.84,0.0,0.38,0.15
1642279,Ulrich Chomche,TOR,83,235,19.0,7,4.6,32.175,0.7,0.425,0.4285714285714286,0.7,0.0,0.0,0.789,0.889,0.6,4.1,0.1,1.1,0.3,0.3,-12.799999999999997,0.0,26.900000000000006,35.5,11.74,0.0,0.17,0.67
203995,Vasilije Micic,PHX,75,188,31.0,41,19.1,784.9083333333333,6.6,0.462,0.32432432432432423,3.7,0.36,3.0,0.462,0.653,0.29,4.19,0.0,2.2,3.1,1.9,4.0,0.4,-11.199999999999989,,,0.03,0.38,0.28
1641705,Victor Wembanyama,SAS,87,235,21.0,46,33.2,1527.2533333333333,24.3,0.594,0.5918367346938775,9.8,0.352,8.8,0.427,0.508,0.337,4.09,3.8,11.0,3.7,3.2,0.4000000000000057,1.1,-8.200000000000003,,,0.17,0.67,0.65
1631246,Vince Williams Jr.,MEM,76,205,24.0,27,18.5,498.5466666666667,6.6,0.504,0.5555555555555555,2.7,0.274,3.5,0.536,0.667,0.415,4.66,0.3,3.6,2.0,1.2,0.8000000000000114,0.4,4.799999999999997,,,0.04,0.28,0.2
1628427,Vlatko Cancar,DEN,80,236,28.0,13,10.4,135.82833333333335,1.8,0.462,0.625,0.8,0.267,1.2,0.383,0.588,0.286,4.01,0.2,2.5,0.7,0.8,-26.200000000000003,0.2,-15.200000000000003,,,0.0,0.0,0.56
1630249,Vít Krejčí,ATL,80,195,25.0,57,20.2,1152.6316666666667,7.2,0.661,0.6000000000000001,1.4999999999999996,0.437,3.6,0.47,0.584,0.373,4.45,0.5,2.7,2.6,0.9,-4.5,0.6,-3.1000000000000085,,,0.02,0.39,0.24
1631117,Walker Kessler,UTA,84,245,23.0,58,30.0,1740.32,11.1,0.66,0.712121212121212,6.6000000000000005,0.176,0.6,0.439,0.537,0.35,4.28,2.4,12.2,1.7,1.5,-0.20000000000000284,0.6,-0.4000000000000057,,,0.0,0.69,2.57
1628976,Wendell Carter Jr.,ORL,82,270,26.0,68,25.9,1758.2683333333334,9.1,0.544,0.5714285714285714,4.9,0.234,2.3,0.462,0.564,0.371,3.93,0.6,7.2,2.0,1.1,-0.5,0.8,-0.4000000000000057,,,0.03,0.47,1.79
1631111,Wendell Moore Jr.,CHA,77,215,23.0,36,13.9,498.9166666666667,4.2,0.553,0.5000000000000001,2.4,0.341,1.1,0.5,0.649,0.295,4.46,0.1,2.6,1.2,0.8,-6.599999999999994,0.6,-12.700000000000003,38.5,10.94,0.0,0.23,0.17
1630214,Xavier Tillman,BOS,79,245,26.0,33,7.0,230.90333333333334,1.0,0.31,0.3333333333333333,0.6000000000000001,0.156,1.0,0.527,0.596,0.463,4.02,0.2,1.3,0.2,0.4,-13.400000000000006,0.3,-0.8999999999999915,32.5,11.8,0.0,0.2,0.24
1642530,Yuki Kawamura,MEM,68,159,24.0,22,4.2,92.66666666666667,1.6,0.53,0.5000000000000001,0.3999999999999999,0.304,1.0,0.625,0.765,0.4,4.42,0.0,0.5,0.9,0.2,-2.6000000000000085,0.1,-10.200000000000003,,,0.0,0.1,0.0
1641879,Yuri Collins,GSW,72,190,24.0,2,8.2,16.3,1.0,0.333,0.3333333333333333,1.5,0.0,0.0,0.75,1.0,0.0,4.08,0.0,1.5,2.0,0.0,-37.0,1.0,6.400000000000006,,,0.0,1.0,0.0
1642274,Yves Missi,NOP,83,235,21.0,73,26.8,1955.79,9.1,0.572,0.5522388059701493,6.7,0.0,0.0,0.525,0.638,0.404,4.26,1.3,8.2,1.4,1.1,-1.1000000000000085,0.5,5.299999999999997,38.5,11.45,0.0,0.6,1.45
1642258,Zaccharie Risacher,ATL,80,200,20.0,75,24.6,1843.3866666666668,12.6,0.558,0.5517241379310344,5.800000000000001,0.355,4.6,0.496,0.613,0.413,4.79,0.5,3.6,1.2,1.2,-0.6000000000000085,0.7,3.0,31.0,11.51,0.0,0.4,0.27
1628380,Zach Collins,CHI,83,250,27.0,64,15.3,977.06,6.4,0.605,0.6333333333333333,3.0,0.302,1.7,0.442,0.566,0.33,4.24,0.5,4.5,1.7,0.9,-5.5,0.5,-10.5,,,0.03,0.32,1.11
1641744,Zach Edey,MEM,88,305,23.0,66,21.5,1415.765,9.2,0.624,0.603448275862069,5.8,0.346,0.8,0.471,0.575,0.372,4.32,1.3,8.3,1.0,1.3,1.3999999999999915,0.5,0.09999999999999432,31.5,11.19,0.0,0.62,2.69
203897,Zach LaVine,SAC,77,200,30.0,74,35.2,2602.48,23.3,0.639,0.5591397849462365,9.3,0.446,7.2,0.453,0.699,0.334,4.26,0.2,4.3,4.2,2.8,9.800000000000011,0.8,0.6000000000000085,41.5,10.42,0.01,0.46,0.12
1630192,Zeke Nnaji,DEN,81,240,24.0,57,10.7,607.9666666666667,3.2,0.574,0.5624999999999999,1.6,0.327,0.9,0.426,0.511,0.35,4.32,0.7,1.6,0.4,0.2,-12.799999999999997,0.4,-6.599999999999994,38.0,10.94,0.02,0.22,0.45
1630533,Ziaire Williams,BKN,81,185,23.0,63,24.5,1541.4033333333334,10.0,0.55,0.5142857142857141,3.500000000000001,0.341,4.8,0.475,0.647,0.333,4.34,0.4,4.6,1.3,1.1,-1.0,1.0,3.200000000000003,39.5,10.69,0.0,0.4,0.35
1629627,Zion Williamson,NOP,78,284,24.0,30,28.6,857.2766666666666,24.6,0.6,0.5757575757575758,16.5,0.231,0.4,0.431,0.571,0.333,4.25,0.9,7.2,5.3,3.0,6.299999999999997,1.2,-3.200000000000003,,,0.0,1.07,0.63
1642389,Zyon Pullin,MEM,76,206,24.0,3,0.9,2.6016666666666666,0.0,0.0,0.0,0.3,0.0,0.0,0.5,0.5,,4.19,0.0,0.0,0.0,0.0,-34.7,0.0,-48.89999999999999,,,0.0,0.0,0.0
