PLAYER_ID,name,team,height,weight,age,gp,min_pg,total_min,ppg,ts_pct,fg2_pct,fg2a,fg3_pct,fg3a,on_ball_def_fg_pct,interior_def_fg_pct,perimeter_def_fg_pct,avg_speed,blk,reb,ast,tov,net_off_rating,stl,net_def_rating,combine_max_vertical,combine_lane_agility,charges_drawn,loose_balls_recovered,box_outs
1630639,A.J. Lawson,TOR,78,179,25.0,24,9.4,226.115,4.2,0.588,0.4285714285714285,1.4,0.422,1.9,0.453,0.5,0.474,4.62,0.2,1.8,0.3,0.3,-7.5,0.5,-1.2999999999999972,41.0,11.0,0.06,0.13,0.38
1631260,AJ Green,MIL,76,190,26.0,78,29.1,2269.9333333333334,10.4,0.627,0.49999999999999944,0.8000000000000007,0.419,7.1,0.485,0.646,0.386,4.45,0.1,2.7,1.9,1.0,5.699999999999989,0.5,-0.8999999999999915,,,0.04,0.47,0.46
1642358,AJ Johnson,DAL,77,160,21.0,48,9.4,453.43333333333334,3.3,0.413,0.36,2.5,0.211,1.2,0.481,0.574,0.403,4.55,0.1,1.1,1.0,0.6,-1.3000000000000114,0.2,-2.5999999999999943,38.0,10.76,0.0,0.13,0.03
203932,Aaron Gordon,DEN,80,235,30.0,36,27.9,1004.9583333333334,16.2,0.62,0.5671641791044777,6.699999999999999,0.389,4.4,0.433,0.659,0.256,3.96,0.3,5.8,2.7,1.1,5.400000000000006,0.6,-4.5,39.0,10.81,0.0,0.42,0.39
1628988,Aaron Holiday,HOU,72,185,29.0,57,13.7,780.7316666666667,5.5,0.578,0.42857142857142855,1.4000000000000004,0.394,3.0,0.423,0.667,0.246,4.05,0.1,1.0,1.1,0.7,-2.700000000000003,0.5,-6.5,33.0,10.96,0.04,0.2,0.14
1630174,Aaron Nesmith,IND,77,215,26.0,45,29.7,1334.95,13.8,0.554,0.46153846153846156,5.2,0.379,6.2,0.449,0.585,0.324,4.51,0.5,4.2,1.9,1.4,3.0999999999999943,0.6,2.3000000000000114,,,0.09,0.6,0.24
1630598,Aaron Wiggins,OKC,77,190,27.0,65,21.8,1413.98,9.4,0.538,0.5250000000000001,3.999999999999999,0.356,4.2,0.47,0.614,0.442,4.64,0.4,3.1,1.7,1.2,-6.0,0.9,1.6000000000000085,36.0,11.2,0.02,0.55,0.27
1642846,Ace Bailey,UTA,81,200,19.0,72,27.6,1987.6433333333334,13.8,0.533,0.5217391304347826,6.9,0.344,5.5,0.477,0.637,0.395,4.2,0.7,4.2,1.8,1.5,-3.4000000000000057,0.8,1.4000000000000057,,,0.0,0.56,0.38
1642380,Adama Bal,MEM,79,190,22.0,8,30.2,241.315,10.4,0.573,0.4000000000000001,3.0,0.409,5.5,0.606,0.75,0.545,4.41,0.1,3.1,2.4,0.8,-16.400000000000006,1.1,8.400000000000006,,,0.0,0.0,0.25
1641737,Adem Bona,PHI,82,235,23.0,71,17.4,1234.1616666666666,4.8,0.638,0.6,3.0,0.333,0.1,0.478,0.57,0.39,4.43,1.2,4.3,0.5,0.8,0.0,0.4,-0.7999999999999972,40.0,11.01,0.0,0.41,0.93
1642876,Adou Thiero,LAL,79,220,22.0,25,6.0,148.90333333333334,1.9,0.578,0.5454545454545455,1.0999999999999999,0.333,0.1,0.574,0.708,0.563,4.47,0.1,1.1,0.4,0.4,-7.8999999999999915,0.3,7.300000000000011,,,0.0,0.2,0.1
1642349,Ajay Mitchell,OKC,76,190,24.0,57,25.8,1472.7983333333334,13.6,0.585,0.5342465753424657,7.300000000000001,0.347,3.1,0.41,0.551,0.378,4.58,0.3,3.3,3.6,1.4,2.700000000000003,1.2,-4.700000000000003,33.5,11.12,0.02,0.64,0.32
201143,Al Horford,GSW,80,240,40.0,45,21.5,969.185,8.3,0.554,0.5769230769230768,2.6000000000000005,0.361,4.6,0.446,0.589,0.265,4.07,1.1,4.9,2.6,0.9,-0.09999999999999432,0.7,0.20000000000000284,35.5,12.15,0.0,0.4,0.84
1630828,Alex Antetokounmpo,MIL,80,214,24.0,6,3.4,20.638333333333332,3.2,0.651,1.9999999999999984,0.10000000000000009,0.286,1.2,0.167,0.0,0.25,3.98,0.2,1.0,0.2,0.2,-10.0,0.0,-29.0,,,0.0,0.0,1.0
1627936,Alex Caruso,OKC,77,186,32.0,56,18.2,1020.3466666666667,6.2,0.54,0.6363636363636362,2.2,0.293,3.2,0.453,0.661,0.388,4.36,0.3,2.8,2.0,0.9,0.6000000000000085,1.3,-8.700000000000003,,,0.04,0.48,0.38
1631457,Alex Morales,ORL,78,210,28.0,4,5.9,23.583333333333332,2.0,0.508,0.5333333333333333,1.5,0.0,0.3,0.667,,0.667,4.16,0.0,0.8,1.0,1.0,5.200000000000003,0.0,-8.900000000000006,,,0.0,0.0,0.33
1642259,Alex Sarr,WAS,84,205,21.0,48,27.2,1304.6616666666666,16.3,0.544,0.5283018867924528,10.6,0.333,3.1,0.494,0.553,0.378,4.38,2.0,7.4,2.7,1.7,-1.2999999999999972,0.8,-0.29999999999999716,37.0,11.43,0.0,0.46,1.31
1642918,Alijah Martin,TOR,74,210,24.0,23,6.3,145.615,2.2,0.437,0.38461538461538447,1.3000000000000003,0.19,0.9,0.426,0.714,0.217,4.44,0.2,0.9,0.5,0.3,-14.0,0.3,-5.0,,,0.0,0.43,0.14
1631214,Alondes Williams,WAS,76,210,27.0,4,25.2,100.78333333333333,11.0,0.745,0.9,3.0,0.357,3.5,0.5,0.7,0.421,4.34,0.8,6.3,3.0,1.3,32.599999999999994,0.8,-9.699999999999989,35.5,10.96,0.0,0.0,0.0
1630578,Alperen Sengun,HOU,83,243,23.0,72,33.3,2397.695,20.4,0.569,0.5434782608695653,13.799999999999999,0.305,1.8,0.505,0.624,0.392,3.89,1.1,8.9,6.2,3.2,3.6999999999999886,1.2,8.5,,,0.08,0.73,1.68
1642873,Amari Williams,BOS,83,250,24.0,22,6.6,145.72333333333333,1.4,0.573,0.5555555555555556,0.9,0.0,0.0,0.375,0.409,0.308,4.04,0.5,1.8,0.5,0.5,-32.0,0.1,-5.3999999999999915,,,0.0,0.0,0.71
1641708,Amen Thompson,HOU,79,200,23.0,79,37.4,2953.15,18.3,0.594,0.5811965811965812,11.7,0.216,1.5,0.442,0.616,0.314,4.22,0.6,7.8,5.3,2.4,6.599999999999994,1.5,1.6000000000000085,,,0.01,0.85,0.48
1629599,Amir Coffey,PHX,79,210,29.0,46,10.7,490.50166666666667,3.2,0.594,0.5714285714285714,1.4,0.347,1.1,0.401,0.469,0.365,4.16,0.1,1.2,0.6,0.2,-13.299999999999997,0.2,-8.0,,,0.03,0.26,0.17
1643158,Andersson Garcia,UTA,79,220,25.0,5,33.8,168.75,5.2,0.394,0.5000000000000001,3.1999999999999997,0.077,2.6,0.509,0.5,0.429,4.37,0.8,8.4,2.8,1.4,-19.799999999999997,1.6,-9.400000000000006,,,0.0,1.0,1.0
203083,Andre Drummond,PHI,83,279,32.0,63,19.5,1230.7483333333332,6.4,0.539,0.5128205128205129,3.9,0.356,1.4,0.493,0.701,0.324,4.08,0.8,8.4,1.3,1.0,-4.400000000000006,0.6,0.09999999999999432,33.5,10.83,0.0,0.24,1.48
1641748,Andre Jackson Jr.,MIL,78,209,24.0,48,8.5,408.10833333333335,2.4,0.425,0.4166666666666667,1.2,0.25,1.3,0.458,0.636,0.304,4.54,0.1,1.5,0.9,0.6,-9.599999999999994,0.4,-8.100000000000009,39.5,10.83,0.0,0.33,0.17
1629614,Andrew Nembhard,IND,76,191,26.0,57,31.3,1785.5933333333332,16.9,0.564,0.48750000000000004,7.999999999999999,0.361,5.2,0.515,0.674,0.356,4.31,0.1,2.8,7.7,2.4,0.7000000000000028,0.9,4.799999999999997,35.0,10.46,0.02,0.54,0.26
203952,Andrew Wiggins,MIA,78,197,31.0,68,30.3,2062.5983333333334,15.4,0.586,0.513888888888889,7.199999999999999,0.414,4.9,0.459,0.675,0.356,4.32,1.0,4.8,2.7,1.5,-1.7999999999999972,1.1,2.700000000000003,,,0.0,0.57,0.74
1629014,Anfernee Simons,CHI,75,200,27.0,55,24.9,1371.9333333333334,14.3,0.576,0.5102040816326531,4.9,0.385,6.9,0.468,0.629,0.337,4.4,0.1,2.5,2.4,1.2,-0.29999999999999716,0.5,2.5,41.5,11.27,0.0,0.24,0.07
1641710,Anthony Black,ORL,79,200,22.0,64,29.8,1910.05,15.0,0.549,0.5135135135135136,7.3999999999999995,0.333,4.7,0.49,0.655,0.372,4.3,0.7,3.8,3.7,2.1,0.20000000000000284,1.4,1.0999999999999943,39.0,11.04,0.05,0.45,0.33
203076,Anthony Davis,WAS,82,253,33.0,20,31.3,625.63,20.4,0.551,0.5405405405405406,14.799999999999999,0.27,1.9,0.46,0.55,0.392,3.74,1.7,11.1,2.8,2.1,0.4000000000000057,1.1,3.0,,,0.1,0.2,1.6
1630162,Anthony Edwards,MIN,76,225,24.0,61,35.0,2136.5933333333332,28.8,0.617,0.5508474576271187,11.799999999999999,0.399,8.4,0.463,0.648,0.349,4.0,0.8,5.0,3.7,2.9,5.8999999999999915,1.4,5.599999999999994,,,0.0,0.64,0.28
1630264,Anthony Gill,WAS,79,230,33.0,55,17.3,950.9466666666667,5.8,0.682,0.7333333333333334,3.0,0.354,0.9,0.503,0.62,0.387,4.34,0.4,2.9,1.3,0.7,-2.799999999999997,0.6,0.9000000000000057,,,0.02,0.22,1.0
1641810,Antonio Reeves,CHA,77,205,25.0,10,6.8,67.67666666666666,2.7,0.675,0.42857142857142866,0.7,0.538,1.3,0.471,0.667,0.375,4.31,0.0,0.8,0.3,0.1,-3.4000000000000057,0.1,-18.299999999999997,36.0,11.44,0.0,0.0,0.4
1630574,Ariel Hukporti,NYK,84,246,24.0,54,9.2,497.96166666666664,2.2,0.619,0.5714285714285715,1.4,0.25,0.1,0.383,0.525,0.31,4.41,0.5,2.9,0.5,0.6,-13.0,0.2,-8.900000000000006,31.0,12.2,0.0,0.25,0.81
1642854,Asa Newell,ATL,82,220,20.0,44,11.4,499.90833333333336,5.2,0.624,0.6666666666666669,2.0999999999999996,0.387,1.7,0.468,0.582,0.368,4.77,0.3,2.2,0.6,0.5,-4.8999999999999915,0.4,1.9000000000000057,,,0.0,0.26,0.53
1641709,Ausar Thompson,DET,79,205,23.0,73,26.0,1895.61,9.9,0.545,0.5394736842105263,7.6000000000000005,0.25,0.3,0.435,0.567,0.344,4.37,0.9,5.7,3.1,1.5,6.200000000000003,2.0,-0.09999999999999432,,,0.03,0.84,0.29
1630559,Austin Reaves,LAL,77,197,28.0,51,34.5,1761.65,23.3,0.641,0.5882352941176471,8.5,0.36,6.4,0.49,0.673,0.33,3.99,0.4,4.7,5.5,3.0,2.3999999999999915,1.1,-4.1000000000000085,35.0,10.94,0.29,0.78,0.24
1630245,Ayo Dosunmu,MIN,76,201,26.0,69,27.3,1881.0433333333333,14.8,0.63,0.5671641791044775,6.700000000000001,0.439,4.1,0.431,0.578,0.288,4.34,0.3,3.4,3.6,1.4,-1.8000000000000114,0.8,-1.4000000000000057,33.5,11.51,0.06,0.57,0.25
1628389,Bam Adebayo,MIA,81,255,28.0,73,32.4,2364.685,20.1,0.551,0.5098039215686275,10.2,0.318,5.5,0.456,0.63,0.346,4.22,0.7,10.0,3.2,1.6,6.299999999999997,1.2,-3.200000000000003,38.5,11.94,0.03,0.52,2.19
1631248,Baylor Scheierman,BOS,78,205,25.0,77,18.6,1429.3033333333333,5.5,0.616,0.6363636363636366,1.0999999999999996,0.399,3.2,0.449,0.549,0.377,4.21,0.1,3.5,1.5,0.6,-3.700000000000003,0.5,-2.4000000000000057,32.0,10.89,0.07,0.35,0.31
1642879,Ben Saraf,BKN,78,200,20.0,44,20.8,916.3183333333334,7.5,0.486,0.46938775510204084,4.9,0.211,2.0,0.523,0.671,0.415,4.38,0.2,2.1,3.3,2.3,-5.300000000000011,0.9,-1.9000000000000057,,,0.02,0.45,0.24
1641767,Ben Sheppard,IND,78,190,24.0,65,21.4,1390.4766666666667,7.1,0.561,0.5416666666666667,2.4,0.362,3.6,0.481,0.635,0.369,4.71,0.1,3.0,1.8,0.6,-2.200000000000003,0.6,-0.5,35.5,10.88,0.0,0.38,0.26
1631097,Bennedict Mathurin,LAC,77,210,24.0,54,30.0,1620.015,17.6,0.575,0.4938271604938272,8.1,0.315,4.4,0.503,0.591,0.387,4.28,0.2,5.4,2.4,2.2,-2.200000000000003,0.8,-1.6000000000000085,,,0.02,0.35,0.52
1643016,Bez Mbeng,UTA,76,185,23.0,15,32.8,492.185,8.1,0.55,0.6304347826086957,4.6,0.194,2.1,0.462,0.6,0.333,4.5,0.3,3.8,4.1,1.5,-6.299999999999997,2.3,0.7000000000000028,,,0.0,0.47,0.2
1641731,Bilal Coulibaly,WAS,79,195,21.0,56,26.2,1467.605,11.7,0.531,0.4754098360655737,6.1,0.319,3.6,0.481,0.613,0.351,4.43,1.0,4.3,2.6,1.4,-0.5999999999999943,1.3,1.2000000000000028,,,0.04,0.29,0.21
202687,Bismack Biyombo,SAS,80,255,33.0,25,5.7,141.35333333333332,0.9,0.636,0.6666666666666667,0.6,0.0,0.0,0.554,0.808,0.333,4.13,0.1,1.0,0.2,0.3,-25.299999999999997,0.2,17.5,,,0.05,0.0,0.3
1642396,Blake Hinson,UTA,80,230,26.0,14,20.4,285.43333333333334,11.9,0.684,0.6153846153846155,2.5999999999999996,0.468,5.6,0.423,0.586,0.348,4.31,0.1,2.4,1.1,0.4,5.0,0.4,-14.5,,,0.0,0.07,0.21
1631104,Blake Wesley,POR,76,190,23.0,31,11.6,360.8183333333333,4.8,0.511,0.5357142857142857,2.8,0.278,1.2,0.532,0.684,0.306,4.61,0.2,1.3,2.0,1.0,-9.299999999999997,0.5,-0.09999999999999432,36.0,11.55,0.0,0.1,0.1
1626171,Bobby Portis Jr.,MIL,81,250,31.0,67,24.2,1619.3133333333333,13.7,0.587,0.5147058823529412,6.799999999999999,0.456,4.4,0.516,0.704,0.341,4.22,0.2,6.4,1.6,1.0,-1.3999999999999915,0.6,2.0,31.5,11.78,0.01,0.4,1.3
1641752,Bobi Klintman,DET,81,225,23.0,12,5.9,71.38333333333334,1.8,0.388,0.41666666666666674,1.1999999999999997,0.308,1.1,0.467,0.556,0.412,4.73,0.0,1.6,0.5,0.5,-24.700000000000003,0.3,-12.100000000000009,32.5,11.49,0.11,0.11,0.11
203992,Bogdan Bogdanović,LAC,77,225,33.0,23,19.7,452.06,7.4,0.525,0.4800000000000001,2.5,0.347,4.1,0.497,0.71,0.408,4.18,0.1,2.6,2.2,1.2,-7.800000000000011,0.4,-1.5,,,0.0,0.27,0.18
1630538,Bones Hyland,MIN,74,169,25.0,71,16.6,1176.9183333333333,8.5,0.599,0.5833333333333335,2.3999999999999995,0.388,4.2,0.486,0.646,0.374,4.38,0.2,1.8,2.6,1.0,-1.2999999999999972,0.6,-4.1000000000000085,34.0,10.53,0.02,0.32,0.11
203078,Bradley Beal,LAC,76,207,33.0,6,20.2,120.91666666666667,8.2,0.476,0.375,4.8,0.368,3.2,0.514,0.778,0.409,4.4,0.0,0.8,1.7,1.5,2.8999999999999915,0.5,13.799999999999997,39.0,10.95,0.0,0.5,0.0
1642382,Branden Carlson,OKC,84,220,27.0,42,11.6,488.2033333333333,5.8,0.613,0.6666666666666665,2.4000000000000004,0.36,2.0,0.479,0.579,0.457,4.35,0.6,3.0,0.7,0.4,-5.200000000000003,0.2,9.699999999999989,,,0.0,0.05,0.61
1641764,Brandin Podziemski,GSW,76,205,23.0,82,28.4,2332.673333333333,13.8,0.583,0.5178571428571429,5.6,0.371,5.0,0.481,0.635,0.355,4.38,0.2,5.1,3.7,1.6,-3.799999999999997,1.1,-4.8999999999999915,39.0,11.16,0.28,0.38,0.38
1629634,Brandon Clarke,MEM,80,215,29.0,2,10.2,20.438333333333333,4.0,0.372,0.3333333333333333,4.5,0.0,0.0,0.429,0.5,,4.18,0.0,3.0,0.5,0.0,-24.700000000000003,1.0,-8.5,40.5,10.61,0.5,0.0,0.5
1627742,Brandon Ingram,TOR,80,190,28.0,77,33.8,2603.8633333333332,21.5,0.573,0.5123966942148761,12.1,0.382,4.6,0.459,0.562,0.339,3.99,0.7,5.6,3.7,2.4,2.1999999999999886,0.8,7.299999999999997,,,0.0,0.41,0.33
1641706,Brandon Miller,CHA,79,200,23.0,65,30.3,1968.3116666666667,20.2,0.574,0.4936708860759492,7.900000000000002,0.383,8.2,0.45,0.563,0.347,4.24,0.7,4.9,3.3,2.5,5.200000000000003,1.0,-1.7999999999999972,,,0.03,0.52,0.22
1630314,Brandon Williams,DAL,73,190,26.0,66,22.2,1462.645,13.0,0.572,0.5571428571428572,7.000000000000001,0.232,2.3,0.491,0.636,0.367,4.56,0.3,2.9,3.9,1.9,3.5,0.9,2.0,,,0.03,0.54,0.23
1641729,Brice Sensabaugh,UTA,78,235,22.0,75,23.5,1761.8666666666666,14.9,0.59,0.5636363636363636,5.5,0.367,5.9,0.499,0.724,0.354,4.21,0.2,3.1,1.9,1.7,-0.5999999999999943,0.7,2.0999999999999943,,,0.13,0.35,0.38
1642355,Bronny James,LAL,74,210,21.0,42,8.9,375.4916666666667,2.9,0.517,0.4615384615384615,1.3000000000000003,0.386,1.4,0.543,0.803,0.291,4.19,0.1,0.5,1.2,0.6,-11.5,0.5,-1.0999999999999943,40.5,10.96,0.0,0.1,0.1
201572,Brook Lopez,LAC,85,282,38.0,75,21.8,1635.2733333333333,8.5,0.552,0.5333333333333333,3.0,0.36,4.2,0.435,0.531,0.319,3.88,1.2,3.6,1.3,0.8,-2.0999999999999943,0.6,-2.5,30.5,12.77,0.0,0.19,1.36
1642964,Brooks Barnhizer,OKC,77,230,24.0,40,8.7,347.88166666666666,1.7,0.451,0.4166666666666666,1.2000000000000002,0.292,0.6,0.5,0.63,0.469,4.57,0.1,2.0,0.6,0.3,-18.700000000000003,0.3,9.199999999999989,,,0.0,0.09,0.19
1628971,Bruce Brown,DEN,76,202,29.0,82,24.4,1997.7883333333334,7.9,0.562,0.4999999999999999,4.6000000000000005,0.385,1.8,0.456,0.691,0.321,4.04,0.2,3.9,2.1,1.1,-11.599999999999994,1.0,0.6000000000000085,38.0,11.11,0.0,0.24,0.32
1631121,Bryce McGowens,NOP,78,190,23.0,42,21.0,879.9333333333333,8.1,0.61,0.5294117647058825,3.3999999999999995,0.409,2.2,0.497,0.73,0.312,4.51,0.2,2.1,1.5,0.4,3.3999999999999915,0.6,2.5,34.0,11.12,0.2,0.23,0.38
1642267,Bub Carrington,WAS,76,190,20.0,82,27.7,2270.65,10.7,0.556,0.42499999999999993,4.0,0.408,5.0,0.507,0.673,0.36,4.4,0.2,3.4,4.6,2.3,-2.700000000000003,0.6,5.8999999999999915,36.5,11.28,0.0,0.48,0.4
1631205,Buddy Boeheim,OKC,77,205,26.0,4,3.8,15.003333333333334,1.5,0.5,,0.0,0.333,1.5,0.333,0.667,0.333,4.52,0.0,0.0,0.0,0.0,-30.19999999999999,0.0,-36.8,,,0.0,0.0,0.0
1627741,Buddy Hield,ATL,76,220,33.0,51,16.1,819.2716666666666,7.6,0.568,0.5909090909090908,2.2,0.349,4.2,0.488,0.581,0.412,4.85,0.2,2.3,1.4,0.9,0.5999999999999943,0.8,11.0,,,0.0,0.48,0.09
1643047,CJ Huntley,PHX,83,230,24.0,4,10.1,40.4,3.0,0.545,0.7500000000000001,1.9999999999999998,0.0,0.8,0.417,0.6,0.333,4.29,0.0,1.3,0.5,0.0,5.800000000000011,0.3,-8.700000000000003,,,0.0,0.0,0.0
203468,CJ McCollum,ATL,75,190,34.0,76,29.8,2263.3716666666664,18.7,0.566,0.5176470588235295,8.5,0.375,6.7,0.461,0.645,0.345,4.56,0.5,3.3,3.9,1.8,1.4000000000000057,0.8,-10.5,38.5,11.02,0.0,0.55,0.2
1630595,Cade Cunningham,DET,78,220,24.0,64,33.9,2171.6716666666666,23.9,0.564,0.5116279069767441,12.900000000000002,0.342,5.7,0.434,0.571,0.317,4.28,0.8,5.5,9.9,3.7,9.300000000000011,1.4,2.9000000000000057,,,0.0,0.88,0.45
1631216,Caleb Houstan,ATL,80,205,23.0,18,4.2,75.46666666666667,2.3,0.769,1.0000000000000007,0.19999999999999996,0.524,1.2,0.636,1.0,0.5,4.37,0.1,0.6,0.2,0.2,-17.80000000000001,0.1,-14.700000000000003,,,0.0,0.2,0.0
1631126,Caleb Love,POR,75,212,24.0,49,20.7,1012.6083333333333,10.4,0.497,0.5,4.0,0.318,6.0,0.486,0.747,0.3,4.36,0.1,2.3,2.5,1.3,-5.5,0.6,2.5,,,0.0,0.21,0.12
1628997,Caleb Martin,DAL,77,205,30.0,58,14.8,856.2116666666667,3.9,0.526,0.5217391304347826,2.3,0.351,1.0,0.462,0.583,0.309,4.55,0.3,2.5,1.4,0.7,-8.299999999999997,0.7,-3.1000000000000085,36.5,10.43,0.08,0.29,0.25
1642353,Cam Christie,LAC,77,190,20.0,55,8.7,479.75,2.8,0.484,0.5,1.6,0.245,0.9,0.442,0.6,0.368,4.46,0.1,1.4,0.6,0.4,-9.899999999999991,0.3,-8.100000000000009,35.5,11.07,0.0,0.11,0.08
1642285,Cam Spencer,MEM,75,205,26.0,72,23.8,1714.4516666666666,11.1,0.649,0.53125,3.2,0.449,4.5,0.512,0.659,0.376,4.48,0.2,2.5,5.6,1.3,2.700000000000003,0.7,-1.7000000000000028,30.5,11.07,0.03,0.43,0.3
1630560,Cam Thomas,MIL,75,210,24.0,42,21.0,880.5266666666666,13.5,0.53,0.4714285714285714,7.0,0.31,4.0,0.556,0.722,0.419,4.28,0.1,1.7,2.6,1.8,4.800000000000011,0.2,9.700000000000003,,,0.03,0.13,0.1
1641715,Cam Whitmore,WAS,78,230,21.0,21,16.9,353.98333333333335,9.2,0.528,0.5471698113207548,5.3,0.286,2.7,0.487,0.718,0.357,4.34,0.4,2.8,0.7,0.9,-5.3999999999999915,0.7,3.200000000000003,40.5,10.82,0.0,0.62,0.33
1629661,Cameron Johnson,DEN,80,210,30.0,54,30.5,1647.0316666666668,12.2,0.629,0.5365853658536585,4.1000000000000005,0.43,4.7,0.471,0.655,0.394,4.19,0.4,3.8,2.4,0.9,6.900000000000006,0.7,-0.7999999999999972,36.5,10.52,0.09,0.5,0.52
1626166,Cameron Payne,PHI,74,183,31.0,22,17.0,374.33666666666664,7.4,0.514,0.41666666666666674,2.3999999999999995,0.33,4.4,0.482,0.638,0.341,4.34,0.3,2.0,2.6,0.5,-10.0,1.1,-2.1000000000000085,35.5,10.9,0.14,0.18,0.14
1627747,Caris LeVert,DET,79,205,31.0,60,19.2,1154.415,7.4,0.518,0.48571428571428577,3.5,0.333,3.0,0.45,0.578,0.357,4.3,0.7,2.0,2.7,1.4,-11.100000000000009,0.9,0.0,,,0.0,0.45,0.26
1642868,Carter Bryant,SAS,78,220,20.0,71,11.5,817.865,4.2,0.526,0.5333333333333333,1.5,0.335,2.2,0.434,0.525,0.376,4.47,0.3,2.5,0.7,0.5,-10.800000000000011,0.2,-1.5999999999999943,,,0.02,0.23,0.26
1641717,Cason Wallace,OKC,75,195,22.0,77,26.6,2046.07,8.6,0.538,0.5128205128205129,3.8999999999999995,0.351,3.7,0.431,0.585,0.338,4.42,0.4,3.1,2.6,0.9,-0.09999999999999432,1.9,-3.0,36.0,10.82,0.0,0.51,0.43
1642907,Cedric Coward,MEM,77,206,22.0,62,25.8,1597.9466666666667,13.6,0.585,0.5573770491803279,6.1,0.338,4.4,0.453,0.57,0.354,4.53,0.4,5.9,2.8,1.7,4.8999999999999915,0.6,-5.799999999999997,,,0.03,0.89,0.35
1643052,Chaney Johnson,BKN,79,220,24.0,17,20.4,347.5833333333333,8.2,0.635,0.6756756756756757,3.7,0.3,1.8,0.425,0.591,0.3,4.29,0.5,4.6,2.1,1.2,1.0,0.9,-3.4000000000000057,,,0.0,0.53,1.24
1629646,Charles Bassey,GSW,82,230,25.0,13,11.7,152.70333333333335,5.8,0.681,0.6666666666666666,3.6,0.0,0.0,0.474,0.333,0.417,4.24,0.8,4.4,0.5,0.5,-40.0,0.3,-15.299999999999997,36.0,12.19,0.0,0.17,0.75
1642404,Chaz Lanier,DET,75,206,24.0,34,7.7,262.005,2.4,0.436,0.33333333333333337,0.6000000000000001,0.284,2.0,0.364,0.455,0.214,4.41,0.0,0.7,0.5,0.1,-10.099999999999994,0.2,-3.200000000000003,,,0.0,0.25,0.19
1631096,Chet Holmgren,OKC,85,208,24.0,69,28.9,1997.2683333333334,17.1,0.653,0.641025641025641,7.800000000000001,0.362,3.5,0.41,0.489,0.324,4.27,1.9,8.9,1.7,1.6,4.300000000000011,0.6,-5.6000000000000085,,,0.01,0.41,1.28
1628449,Chris Boucher,BOS,80,200,33.0,9,10.5,94.15,2.3,0.392,0.6363636363636364,1.0999999999999999,0.133,1.7,0.408,0.478,0.267,4.27,0.8,2.0,0.3,0.1,-6.5,0.6,-2.6999999999999886,,,0.0,0.43,0.57
1641753,Chris Livingston,CLE,78,220,22.0,3,5.8,17.426666666666666,3.0,0.605,1.0000000000000002,1.2999999999999998,0.0,1.0,0.667,1.0,0.0,4.67,0.0,1.0,0.3,0.0,-3.1999999999999886,0.3,-27.400000000000006,37.0,11.65,0.0,0.67,0.0
1643024,Chris Mañon,LAL,76,209,24.0,9,5.1,46.085,0.8,0.451,0.5000000000000001,0.39999999999999997,0.0,0.3,0.545,0.667,0.167,4.2,0.2,1.1,0.3,0.1,-11.899999999999991,0.6,-7.099999999999994,,,0.17,0.5,0.0
101108,Chris Paul,LAC,72,175,41.0,16,14.2,227.535,2.9,0.413,0.31250000000000006,1.6,0.333,1.9,0.519,0.677,0.31,3.93,0.0,1.8,3.3,1.0,-17.5,0.7,0.5999999999999943,38.0,11.09,0.0,0.07,0.36
1642959,Chris Youngblood,POR,76,,24.0,34,5.4,185.09166666666667,2.1,0.527,0.3333333333333335,0.2999999999999998,0.333,1.6,0.462,0.556,0.481,4.47,0.1,0.8,0.4,0.1,32.89999999999999,0.1,15.0,,,0.0,0.19,0.05
1631128,Christian Braun,DEN,78,220,25.0,44,31.8,1399.1383333333333,12.0,0.607,0.6545454545454544,5.500000000000001,0.301,3.3,0.478,0.683,0.3,4.31,0.3,4.8,2.7,1.0,5.5,0.7,-2.1000000000000085,40.0,11.0,0.0,0.39,0.43
1631132,Christian Koloko,ATL,83,225,26.0,27,13.2,356.66833333333335,2.7,0.453,0.4583333333333333,2.4000000000000004,0.111,0.3,0.469,0.581,0.321,4.41,0.9,3.0,0.7,0.6,-13.200000000000003,0.5,0.5999999999999943,33.5,11.3,0.0,0.33,0.59
1642935,Chucky Hepburn,TOR,72,190,23.0,2,6.6,13.233333333333333,0.0,0.0,0.0,0.5,0.0,2.5,0.667,1.0,1.0,4.85,0.0,0.5,1.0,0.5,-42.0,0.5,8.700000000000003,,,0.0,0.5,0.0
203991,Clint Capela,HOU,82,256,32.0,75,12.3,925.6616666666666,3.8,0.54,0.5333333333333333,3.0,0.5,0.0,0.398,0.463,0.274,4.06,0.8,4.6,0.7,0.5,-4.300000000000011,0.5,-7.800000000000011,,,0.01,0.38,0.97
1629632,Coby White,CHA,76,210,26.0,50,25.0,1249.7883333333334,17.4,0.595,0.5409836065573771,6.1,0.362,6.4,0.46,0.583,0.366,4.21,0.1,3.4,4.0,2.6,4.400000000000006,0.5,0.29999999999999716,,,0.15,0.44,0.42
1628998,Cody Martin,IND,78,205,30.0,4,13.8,55.18,1.8,0.277,0.4166666666666667,1.2,0.0,1.3,0.333,0.556,0.143,4.67,0.5,3.5,0.5,1.0,-27.900000000000006,1.0,-30.499999999999986,35.5,10.44,0.0,0.25,0.25
1642262,Cody Williams,UTA,80,190,21.0,67,24.3,1630.5416666666667,8.8,0.524,0.5714285714285715,5.6,0.214,2.0,0.509,0.62,0.429,4.59,0.4,3.0,2.0,1.1,-2.0999999999999943,0.8,2.6000000000000085,35.5,11.17,0.0,0.44,0.14
1641732,Colby Jones,DET,78,207,24.0,1,6.8,6.816666666666666,2.0,0.333,1.0,1.0,0.0,2.0,1.0,1.0,,4.51,0.0,4.0,2.0,0.0,18.500000000000014,0.0,-57.0,35.0,11.14,0.0,0.0,1.0
1630175,Cole Anthony,MIL,74,185,26.0,35,15.0,526.635,6.7,0.483,0.4888888888888888,4.5,0.306,2.1,0.505,0.662,0.417,4.55,0.3,2.5,3.5,1.9,-11.299999999999997,0.6,-3.6000000000000085,,,0.03,0.41,0.09
1630658,Colin Castleton,ORL,82,250,26.0,4,5.3,21.383333333333333,1.3,0.46,0.3846153846153846,1.3,0.0,0.0,0.429,1.0,0.333,3.81,0.0,2.0,0.3,0.5,2.0999999999999943,0.3,-11.400000000000006,,,0.0,0.0,0.33
1631221,Collin Gillespie,PHX,73,195,27.0,80,28.5,2281.8016666666667,12.7,0.575,0.4545454545454547,3.3,0.401,7.2,0.489,0.655,0.328,4.61,0.2,4.1,4.6,1.6,3.4000000000000057,1.2,-2.4000000000000057,33.0,10.95,0.15,0.88,0.3
1642867,Collin Murray-Boyles,TOR,79,245,21.0,57,21.9,1245.6,8.5,0.621,0.627450980392157,5.1,0.34,0.9,0.452,0.619,0.347,4.45,0.9,5.0,1.9,1.0,-3.0,0.9,-2.5,,,0.02,0.4,0.95
1629012,Collin Sexton,CHI,75,190,27.0,68,23.7,1613.2033333333334,15.4,0.615,0.5441176470588235,6.800000000000001,0.401,4.1,0.434,0.589,0.338,4.38,0.1,2.3,3.3,2.1,0.5,1.1,-3.4000000000000057,,,0.01,0.43,0.21
1642843,Cooper Flagg,DAL,81,205,19.0,70,33.5,2343.858333333333,21.0,0.548,0.5147058823529411,13.600000000000001,0.295,3.5,0.461,0.581,0.349,4.33,0.9,6.7,4.5,2.3,1.2000000000000028,1.2,1.5,,,0.0,0.79,0.37
1630557,Corey Kispert,ATL,78,224,27.0,58,18.6,1079.6066666666666,9.2,0.609,0.6296296296296297,2.7,0.367,4.1,0.461,0.586,0.319,4.66,0.2,2.3,1.6,0.8,-10.200000000000003,0.3,7.400000000000006,37.5,10.91,0.02,0.35,0.13
1642504,Cormac Ryan,MIL,77,205,27.0,11,24.6,270.67833333333334,14.3,0.692,0.5897435897435896,3.9000000000000004,0.458,5.4,0.455,0.615,0.366,4.18,0.3,2.5,1.7,1.5,9.599999999999994,1.0,-3.700000000000003,,,0.0,0.09,0.09
1641854,Craig Porter Jr.,CLE,73,180,26.0,64,17.9,1147.6616666666666,4.5,0.524,0.52,2.5,0.355,1.5,0.466,0.585,0.36,4.55,0.6,3.4,3.2,0.9,-1.2999999999999972,0.9,-2.200000000000003,,,0.0,0.4,0.18
1642938,Curtis Jones,DEN,75,195,24.0,10,8.8,87.71666666666667,2.9,0.52,0.5555555555555556,0.9000000000000001,0.333,1.8,0.382,0.625,0.263,4.44,0.0,1.1,1.0,0.2,-3.299999999999997,0.4,-11.899999999999991,,,0.13,0.38,0.0
1626156,D'Angelo Russell,WAS,75,193,30.0,26,19.0,494.775,10.2,0.511,0.4999999999999999,4.6000000000000005,0.295,4.3,0.458,0.5,0.337,4.37,0.1,2.3,4.0,1.9,-1.8999999999999915,0.5,-1.2999999999999972,,,0.04,0.33,0.13
1629610,DaQuan Jeffries,SAC,77,222,28.0,3,20.0,59.903333333333336,10.3,0.731,0.7272727272727274,3.3,0.444,3.0,0.474,0.4,0.455,4.28,0.0,1.7,0.3,0.0,5.900000000000006,0.7,-0.09999999999999432,,,0.0,0.33,1.33
1641747,DaRon Holmes II,DEN,81,225,23.0,25,8.4,209.51,3.7,0.692,0.6666666666666666,0.5999999999999999,0.444,1.8,0.457,0.614,0.351,4.13,0.2,1.4,0.6,0.5,-13.799999999999997,0.0,-5.199999999999989,34.0,11.2,0.0,0.21,1.0
1631342,Daeqwon Plowden,SAC,76,216,27.0,32,26.4,844.3683333333333,10.8,0.572,0.6551724137931035,2.8999999999999995,0.333,5.8,0.492,0.577,0.403,4.51,0.2,3.0,1.3,0.8,1.2999999999999972,0.7,3.0,,,0.03,0.31,0.41
1630625,Dalano Banton,BOS,80,203,26.0,6,10.3,61.65,2.0,0.436,0.38888888888888884,1.8,0.0,0.2,0.176,0.25,0.167,4.12,0.8,0.8,1.8,1.3,-13.799999999999997,0.3,12.400000000000006,,,0.0,0.25,0.0
1631207,Dalen Terry,PHI,78,210,23.0,48,11.5,551.0266666666666,3.7,0.523,0.4999999999999999,1.8000000000000003,0.364,1.4,0.467,0.611,0.383,4.77,0.3,1.8,1.4,0.5,-9.199999999999989,0.6,-8.700000000000003,,,0.03,0.33,0.14
1642261,Dalton Knecht,LAL,78,215,25.0,54,10.2,552.9283333333333,4.2,0.568,0.642857142857143,1.4,0.342,2.1,0.48,0.684,0.38,4.11,0.2,1.4,0.4,0.4,-13.099999999999994,0.2,-1.5999999999999943,39.0,10.56,0.05,0.15,0.15
1629655,Daniel Gafford,DAL,82,265,27.0,55,21.7,1194.4383333333333,9.5,0.677,0.6666666666666666,5.7,0.0,0.0,0.481,0.555,0.33,4.4,1.3,6.9,1.1,1.1,-4.299999999999997,0.8,-1.7999999999999972,36.5,11.61,0.05,0.51,1.36
1642450,Daniss Jenkins,DET,76,165,24.0,72,20.2,1455.3,9.3,0.525,0.4230769230769231,5.2,0.374,2.7,0.486,0.689,0.32,4.51,0.2,2.3,3.9,1.6,-4.700000000000003,0.9,-2.0,,,0.0,0.58,0.17
1642874,Danny Wolf,BKN,83,250,22.0,57,20.8,1187.1616666666666,8.9,0.521,0.47500000000000003,4.0,0.322,3.7,0.445,0.578,0.311,4.39,0.6,4.9,2.2,1.3,-6.299999999999997,0.5,-7.5,,,0.0,0.25,0.57
203967,Dario Saric,SAC,82,225,32.0,5,8.2,41.248333333333335,1.0,0.363,0.0,0.6,0.333,0.6,0.542,0.727,0.222,4.23,0.0,1.2,0.4,0.4,-4.799999999999997,0.0,-15.099999999999994,,,0.0,0.0,0.4
1641727,Dariq Whitehead,MEM,78,220,21.0,6,30.5,182.81666666666666,16.3,0.51,0.5454545454545454,5.5,0.317,10.0,0.586,0.743,0.308,3.97,0.0,4.0,1.5,1.7,-1.4000000000000057,0.7,-3.8000000000000114,,,0.0,0.0,0.0
1642468,Darius Brown II,CLE,74,192,26.0,1,2.7,2.6666666666666665,0.0,0.0,0.0,1.0,0.0,0.0,1.0,1.0,,4.23,0.0,1.0,0.0,0.0,-16.700000000000003,0.0,65.8,,,,,
1629636,Darius Garland,LAC,73,192,26.0,45,29.9,1344.2766666666666,18.8,0.582,0.5185185185185185,8.100000000000001,0.396,6.8,0.475,0.659,0.357,4.21,0.2,2.4,6.7,2.9,-1.8999999999999915,1.0,7.0,,,0.04,0.42,0.13
1642357,David Jones Garcia,SAS,76,210,24.0,11,6.2,67.975,2.9,0.579,0.5,1.7999999999999998,0.6,0.5,0.452,0.429,0.444,4.84,0.1,1.2,1.6,0.5,4.599999999999994,0.5,-10.5,34.5,11.08,0.0,0.22,0.11
1631223,David Roddy,DEN,77,255,25.0,5,14.6,73.01666666666667,8.0,0.605,0.631578947368421,3.8,0.273,2.2,0.313,0.462,0.154,4.43,0.2,4.0,0.8,0.4,-10.700000000000003,0.8,-6.099999999999994,35.5,10.75,0.0,0.5,0.25
1630558,Davion Mitchell,MIA,72,202,27.0,70,28.6,2000.255,9.3,0.582,0.558139534883721,4.3,0.395,3.3,0.478,0.651,0.351,4.43,0.2,2.7,6.5,1.5,5.1000000000000085,1.0,0.7000000000000028,,,0.11,0.47,0.29
1630549,Day'Ron Sharpe,BKN,82,265,24.0,62,18.7,1159.915,8.7,0.638,0.6666666666666666,5.1000000000000005,0.231,0.6,0.488,0.629,0.358,4.39,0.4,6.7,2.3,1.7,0.29999999999999716,1.1,-7.599999999999994,,,0.0,0.45,1.26
1628368,De'Aaron Fox,SAS,75,185,28.0,72,31.0,2231.065,18.6,0.578,0.5888888888888889,9.0,0.332,5.5,0.458,0.645,0.372,4.28,0.3,3.8,6.2,2.3,4.299999999999997,1.2,1.0,,,0.03,0.54,0.1
1629631,De'Andre Hunter,SAC,79,221,28.0,45,26.1,1175.4866666666667,13.7,0.545,0.5178571428571428,5.6,0.305,5.5,0.495,0.628,0.424,4.15,0.1,4.1,2.0,1.7,-2.3999999999999915,0.7,5.0,,,0.0,0.31,0.51
1629001,De'Anthony Melton,GSW,74,200,28.0,49,23.0,1125.2566666666667,12.3,0.518,0.5,5.800000000000001,0.294,5.0,0.532,0.668,0.39,4.43,0.4,3.2,2.6,1.9,2.3999999999999915,1.6,-3.6999999999999886,36.5,11.48,0.0,0.73,0.24
201599,DeAndre Jordan,NOP,83,265,37.0,12,16.6,198.8,4.4,0.671,0.6666666666666666,2.7,0.0,0.0,0.396,0.545,0.206,3.55,0.8,6.3,0.9,0.8,-3.299999999999997,0.3,-5.5,30.5,12.3,0.0,0.17,1.42
1630610,DeJon Jarreau,MEM,77,185,28.0,11,21.0,230.73333333333332,8.0,0.473,0.5416666666666667,4.8,0.133,2.7,0.489,0.721,0.212,4.49,0.7,4.6,3.3,2.4,-14.799999999999997,0.9,-2.0,,,0.0,0.36,0.09
201942,DeMar DeRozan,SAC,78,220,36.0,77,31.2,2405.515,18.4,0.594,0.5267857142857143,11.2,0.32,1.9,0.52,0.666,0.41,4.01,0.3,2.9,4.1,1.2,3.3999999999999915,1.0,8.399999999999991,38.5,11.88,0.05,0.51,0.35
1629731,Dean Wade,CLE,81,228,29.0,59,22.3,1317.6833333333334,5.8,0.58,0.6428571428571428,1.4000000000000004,0.362,3.3,0.445,0.601,0.329,4.53,0.4,4.2,1.5,0.3,0.29999999999999716,0.7,-2.8999999999999915,,,0.0,0.32,0.92
1629028,Deandre Ayton,LAL,84,252,27.0,72,27.2,1958.385,12.5,0.676,0.6746987951807228,8.3,0.0,0.0,0.483,0.594,0.338,3.96,1.0,8.0,0.8,1.2,-0.7000000000000028,0.6,2.0,,,0.0,0.47,0.96
1627749,Dejounte Murray,NOP,76,180,29.0,14,27.8,389.4166666666667,16.7,0.58,0.5697674418604651,8.6,0.306,4.4,0.545,0.689,0.395,4.19,0.2,5.4,6.4,3.4,3.6000000000000085,1.6,-2.799999999999997,,,0.0,0.64,0.14
1630166,Deni Avdija,POR,80,228,25.0,66,33.3,2199.385,24.2,0.6,0.5544554455445544,10.100000000000001,0.318,6.0,0.486,0.585,0.41,4.22,0.6,6.9,6.7,3.8,8.600000000000009,0.8,7.200000000000003,,,0.0,0.61,0.32
203471,Dennis Schröder,CLE,73,175,32.0,70,24.2,1696.2983333333334,10.8,0.526,0.43859649122807015,5.7,0.329,3.3,0.477,0.668,0.358,4.37,0.2,2.7,4.9,1.8,-3.9000000000000057,0.8,2.799999999999997,34.0,11.09,0.1,0.4,0.19
1641726,Dereck Lively II,DAL,85,230,22.0,7,16.5,115.27333333333333,4.3,0.67,0.6153846153846154,2.6,0.0,0.0,0.529,0.643,0.429,4.55,1.6,5.3,1.9,1.4,-1.6000000000000085,0.6,-13.400000000000006,,,0.0,0.71,1.71
1642852,Derik Queen,NOP,81,250,21.0,81,25.0,2023.38,11.7,0.546,0.506172839506173,8.1,0.261,1.1,0.479,0.595,0.322,3.94,0.9,7.1,3.7,2.3,1.1000000000000085,1.0,6.200000000000003,,,0.05,0.37,0.88
1627884,Derrick Jones Jr.,LAC,78,210,29.0,50,27.0,1349.5083333333334,10.1,0.6,0.6,4.5,0.359,3.1,0.433,0.596,0.347,4.28,1.0,3.5,1.4,0.8,3.4000000000000057,0.9,-1.1000000000000085,,,0.0,0.42,0.22
1628401,Derrick White,BOS,76,190,31.0,77,34.1,2624.9566666666665,16.5,0.529,0.49180327868852464,6.1,0.327,8.3,0.431,0.542,0.332,4.18,1.3,4.4,5.4,1.7,2.299999999999997,1.1,-7.400000000000006,36.5,10.84,0.1,0.64,0.21
1630217,Desmond Bane,ORL,78,215,28.0,82,33.6,2756.045,20.1,0.607,0.5368421052631579,9.5,0.391,5.2,0.43,0.635,0.278,4.27,0.5,4.1,4.1,2.0,4.099999999999994,1.0,-1.2000000000000028,,,0.02,0.74,0.39
1626164,Devin Booker,PHX,77,206,29.0,64,33.5,2146.43,26.1,0.585,0.5116279069767442,12.899999999999999,0.33,5.8,0.453,0.602,0.316,4.03,0.3,3.9,6.0,3.1,5.900000000000006,0.8,0.20000000000000284,34.5,10.27,0.03,0.73,0.53
1642269,Devin Carter,SAC,74,195,24.0,38,18.4,699.8683333333333,8.9,0.508,0.5106382978723405,4.7,0.263,3.0,0.532,0.724,0.457,4.41,0.2,3.3,2.7,1.4,1.0,0.9,-1.9000000000000057,42.0,10.63,0.0,0.4,0.03
1630170,Devin Vassell,SAS,77,200,25.0,67,30.5,2044.2316666666666,13.9,0.574,0.489795918367347,4.9,0.384,6.4,0.46,0.617,0.347,4.4,0.4,4.0,2.5,0.9,7.599999999999994,0.9,1.1000000000000085,,,0.0,0.4,0.16
1628415,Dillon Brooks,PHX,79,225,30.0,56,30.4,1701.5833333333333,20.2,0.54,0.4857142857142857,10.500000000000002,0.344,6.6,0.467,0.64,0.36,4.09,0.2,3.6,1.8,1.8,0.6000000000000085,1.0,5.200000000000003,37.5,11.14,0.02,0.5,0.29
1641794,Dillon Jones,NYK,77,235,24.0,7,5.6,39.388333333333335,1.3,0.418,0.33333333333333326,0.6000000000000001,0.2,0.7,0.357,0.6,0.5,4.36,0.0,1.0,0.6,0.0,-4.5,0.4,1.7000000000000028,33.5,11.08,0.0,0.0,0.0
1627734,Domantas Sabonis,SAC,82,240,30.0,19,29.7,563.5883333333334,15.8,0.59,0.5882352941176471,10.2,0.185,1.4,0.575,0.676,0.426,4.37,0.2,11.4,4.1,2.7,-0.4000000000000057,0.9,4.700000000000003,,,0.0,0.84,2.21
1631230,Dominick Barlow,PHI,81,224,23.0,71,23.8,1688.5183333333334,7.7,0.597,0.6136363636363638,4.3999999999999995,0.256,1.2,0.464,0.533,0.372,4.6,0.7,4.8,1.2,0.8,-0.8999999999999915,0.9,-2.5,34.0,11.29,0.0,0.63,0.35
1642270,Donovan Clingan,POR,86,280,22.0,77,27.2,2093.6366666666668,12.1,0.604,0.6140350877192982,5.7,0.341,3.2,0.454,0.546,0.384,4.1,1.7,11.6,2.1,1.2,4.800000000000011,0.6,3.700000000000003,29.0,12.06,0.01,0.42,1.74
1628378,Donovan Mitchell,CLE,74,215,29.0,70,33.5,2342.0633333333335,27.9,0.613,0.5803571428571428,11.2,0.364,8.8,0.476,0.585,0.386,4.13,0.3,4.5,5.7,2.8,7.700000000000003,1.5,0.0,40.5,11.53,0.0,0.64,0.33
1628978,Donte DiVincenzo,MIN,76,203,29.0,82,30.4,2494.036666666667,12.2,0.567,0.47826086956521746,2.299999999999999,0.379,7.9,0.465,0.599,0.339,4.34,0.4,4.1,3.8,1.4,5.0,1.3,-3.299999999999997,42.0,10.72,0.0,0.77,0.23
1627827,Dorian Finney-Smith,HOU,79,220,33.0,37,16.8,620.3116666666666,3.3,0.452,0.5555555555555556,0.8999999999999999,0.27,2.7,0.498,0.699,0.337,4.05,0.2,2.5,1.0,0.6,-8.799999999999997,0.4,-4.6000000000000085,35.5,11.01,0.0,0.17,0.42
203926,Doug McDermott,SAC,79,225,34.0,29,15.1,439.1983333333333,5.7,0.574,0.3333333333333335,0.5999999999999996,0.39,4.2,0.403,0.585,0.297,4.3,0.1,1.3,0.8,0.4,-6.799999999999997,0.2,-5.200000000000003,36.5,11.1,0.0,0.13,0.04
1642962,Drake Powell,BKN,77,195,20.0,63,20.9,1319.5133333333333,6.5,0.521,0.5357142857142856,2.8000000000000003,0.28,2.9,0.472,0.663,0.374,4.41,0.2,1.8,1.4,1.0,-10.5,0.6,-1.5,,,0.0,0.32,0.28
203110,Draymond Green,GSW,78,230,36.0,68,27.5,1868.8883333333333,8.4,0.54,0.5769230769230768,2.6000000000000005,0.326,4.6,0.457,0.578,0.334,3.89,0.6,5.5,5.5,2.7,-5.299999999999997,0.9,0.7999999999999972,33.0,11.01,0.07,0.38,1.12
1629234,Drew Eubanks,SAC,82,245,29.0,42,13.1,552.27,5.2,0.605,0.6285714285714287,3.5,0.143,0.2,0.505,0.602,0.36,4.46,0.6,3.0,0.5,0.7,-4.299999999999997,0.4,-2.200000000000003,,,0.02,0.14,0.76
1641809,Drew Peterson,CHA,80,205,26.0,6,10.7,64.26833333333333,0.8,0.148,0.42857142857142844,0.7000000000000002,0.0,2.0,0.4,0.455,0.2,4.34,0.2,1.5,0.3,0.0,-11.600000000000009,0.5,-7.099999999999994,,,0.0,0.17,0.17
1631166,Drew Timme,LAL,81,235,25.0,27,8.7,235.08166666666668,3.4,0.658,0.6666666666666666,1.5,0.44,0.9,0.487,0.674,0.348,4.18,0.0,1.2,0.9,0.5,-9.700000000000003,0.2,-0.9000000000000057,30.5,10.93,0.05,0.14,0.45
1630696,Dru Smith,MIA,74,203,28.0,70,16.3,1141.3083333333334,5.6,0.532,0.5,2.8,0.295,1.8,0.435,0.619,0.329,4.64,0.3,2.5,2.6,0.8,-10.600000000000009,1.4,-3.5,,,0.18,0.35,0.26
1629130,Duncan Robinson,DET,79,215,32.0,77,27.4,2113.1583333333333,12.2,0.629,0.5714285714285714,2.0999999999999996,0.41,7.0,0.446,0.554,0.367,4.52,0.3,2.7,2.1,0.7,10.899999999999991,0.6,4.900000000000006,,,0.08,0.29,0.38
1641871,Duop Reath,POR,81,245,30.0,32,8.1,258.17,2.9,0.613,0.5000000000000002,0.5999999999999999,0.418,1.7,0.407,0.527,0.296,4.37,0.3,1.2,0.3,0.2,-10.200000000000003,0.2,-5.5,,,0.04,0.18,0.43
203939,Dwight Powell,DAL,82,240,34.0,63,14.4,904.4116666666666,3.3,0.699,0.6666666666666666,1.5,0.286,0.1,0.509,0.614,0.377,4.51,0.3,4.1,1.1,0.7,1.6000000000000085,0.5,-4.699999999999989,35.0,11.28,0.08,0.42,1.14
1642928,Dylan Cardwell,SAC,82,255,24.0,44,20.6,906.5383333333333,5.4,0.591,0.6000000000000001,3.9999999999999996,0.5,0.1,0.457,0.552,0.337,4.1,1.5,7.5,1.4,0.9,-1.8000000000000114,0.7,-10.700000000000003,,,0.0,0.49,1.44
1642844,Dylan Harper,SAS,77,215,20.0,69,22.6,1557.9566666666667,11.8,0.574,0.5652173913043478,6.9,0.343,2.6,0.441,0.58,0.329,4.38,0.3,3.4,3.9,1.4,-0.29999999999999716,0.8,-2.1999999999999886,,,0.0,0.62,0.1
1630700,Dyson Daniels,ATL,79,199,23.0,76,33.2,2519.54,11.9,0.542,0.574712643678161,8.7,0.188,1.5,0.465,0.611,0.35,4.49,0.4,6.8,5.9,1.8,8.700000000000003,2.0,-1.9000000000000057,34.0,10.81,0.04,1.01,0.37
1630604,E.J. Liddell,BKN,78,240,25.0,26,13.4,349.19,5.7,0.6,0.6086956521739132,2.3,0.346,2.0,0.519,0.679,0.42,4.16,0.4,2.7,0.9,0.6,0.0,0.2,-3.6000000000000085,38.0,11.11,0.05,0.18,0.82
1642856,Egor Dëmin,BKN,80,200,20.0,52,25.2,1308.2083333333333,10.3,0.561,0.41666666666666674,2.3999999999999995,0.385,6.2,0.508,0.621,0.381,4.63,0.3,3.2,3.3,1.7,3.200000000000003,0.8,-2.8999999999999915,,,0.06,0.38,0.37
1641989,Elijah Harkless,UTA,75,195,26.0,26,21.0,544.8133333333334,6.8,0.471,0.46428571428571425,2.8000000000000003,0.239,3.4,0.53,0.711,0.35,4.15,0.2,2.0,2.9,1.0,1.2000000000000028,1.2,-5.200000000000003,,,0.08,0.16,0.36
1641801,Emanuel Miller,SAS,77,215,26.0,5,6.6,33.05,3.0,0.54,0.5714285714285713,1.4000000000000001,0.333,1.2,0.636,0.667,0.667,4.48,0.0,0.6,0.8,0.0,-25.69999999999999,0.4,0.6000000000000085,,,0.0,0.75,0.25
1642402,Enrique Freeman,MIN,81,220,25.0,4,9.3,37.208333333333336,3.3,0.666,0.5,1.0,0.5,1.0,0.438,0.667,0.0,4.39,0.8,2.5,0.5,0.5,12.5,0.5,-8.900000000000006,35.0,10.99,0.0,0.0,0.0
201569,Eric Gordon,PHI,75,215,37.0,6,12.3,73.75,5.5,0.754,0.5833333333333333,1.2000000000000002,0.571,2.3,0.348,0.4,0.462,3.85,0.2,0.3,0.5,0.5,-13.300000000000011,0.7,6.3999999999999915,40.0,10.81,0.0,0.0,0.0
1630679,Ethan Thompson,IND,76,195,27.0,32,20.4,653.2316666666667,7.0,0.515,0.44,2.4999999999999996,0.328,3.6,0.454,0.687,0.337,4.75,0.3,2.2,1.8,0.8,-0.9000000000000057,0.6,-10.599999999999994,,,0.1,0.17,0.59
1630596,Evan Mobley,CLE,83,215,25.0,65,31.9,2074.2883333333334,18.2,0.596,0.62,10.0,0.297,3.2,0.44,0.533,0.329,4.3,1.7,9.0,3.6,1.9,0.5999999999999943,0.7,-2.5,,,0.0,0.51,1.57
1630532,Franz Wagner,ORL,82,220,24.0,34,30.0,1019.0033333333333,20.6,0.588,0.5370370370370371,10.8,0.345,4.1,0.479,0.593,0.421,4.57,0.3,5.2,3.3,1.7,0.9000000000000057,0.9,-3.1000000000000085,,,0.03,0.56,0.62
1641713,GG Jackson,MEM,81,210,21.0,55,21.4,1177.765,12.5,0.591,0.586206896551724,5.800000000000001,0.332,3.5,0.495,0.641,0.37,4.39,0.8,4.3,1.5,1.5,3.700000000000003,0.6,0.20000000000000284,37.0,11.39,0.0,0.35,0.15
1629216,Gabe Vincent,ATL,74,200,30.0,53,16.6,879.0783333333334,4.4,0.511,0.37499999999999983,0.7999999999999998,0.341,3.3,0.485,0.648,0.426,4.3,0.1,1.0,1.4,0.5,-0.7999999999999972,0.5,3.1999999999999886,,,0.08,0.37,0.2
202066,Garrett Temple,TOR,77,195,40.0,22,3.3,72.93666666666667,0.8,0.448,0.5000000000000001,0.19999999999999996,0.25,0.5,0.333,0.667,0.167,4.06,0.1,0.4,0.4,0.3,-22.89999999999999,0.2,-18.200000000000003,,,0.0,0.08,0.08
1629726,Garrison Mathews,IND,77,215,29.0,15,13.1,196.1,5.2,0.628,0.7499999999999997,0.3999999999999999,0.37,3.1,0.479,0.71,0.28,4.58,0.2,1.1,0.7,0.2,-0.5,0.4,-4.099999999999994,,,0.33,0.0,0.17
203914,Gary Harris,MIL,76,210,31.0,48,13.8,660.7683333333333,2.7,0.593,0.4999999999999999,0.8000000000000003,0.412,1.4,0.493,0.697,0.369,4.36,0.2,1.3,1.1,0.4,-6.799999999999997,0.6,-2.5999999999999943,,,0.0,0.24,0.1
1627780,Gary Payton II,GSW,74,195,33.0,73,15.6,1142.28,7.5,0.632,0.7,4.0,0.291,1.7,0.476,0.625,0.375,4.77,0.3,3.6,1.7,0.8,-1.0999999999999943,0.9,1.5,38.5,11.57,0.0,0.49,0.24
1629018,Gary Trent Jr.,MIL,77,204,27.0,65,21.2,1377.3816666666667,8.1,0.533,0.44999999999999996,2.0,0.36,5.3,0.514,0.658,0.406,3.99,0.0,1.0,1.2,0.6,-5.099999999999994,0.5,4.400000000000006,39.5,11.37,0.0,0.27,0.15
203507,Giannis Antetokounmpo,MIL,83,243,31.0,36,28.9,1039.23,27.6,0.658,0.6535947712418301,15.3,0.333,1.3,0.434,0.504,0.396,3.99,0.7,9.8,5.4,3.2,10.5,0.9,-3.5999999999999943,,,0.0,0.58,0.97
1629048,Goga Bitadze,ORL,83,250,26.0,64,15.2,972.0066666666667,5.9,0.7,0.7272727272727273,3.3,0.182,0.2,0.472,0.529,0.38,4.3,1.0,5.0,1.3,0.7,-0.9000000000000057,0.6,-2.0,,,0.02,0.27,1.39
1641711,Gradey Dick,TOR,79,200,22.0,76,14.0,1066.6883333333333,6.0,0.538,0.5185185185185186,2.6999999999999997,0.301,2.4,0.481,0.713,0.32,4.52,0.1,1.9,0.7,0.6,-4.200000000000003,0.6,-6.099999999999994,34.0,11.13,0.05,0.38,0.15
1641761,Grant Nelson,BKN,84,215,24.0,4,8.8,35.01,4.3,0.634,0.5652173913043479,2.3,0.0,0.0,0.333,0.111,0.2,4.34,1.3,1.5,1.3,1.0,6.799999999999997,0.3,-1.7999999999999972,35.5,9.99,0.0,0.25,0.75
1629684,Grant Williams,CHA,79,236,27.0,36,19.8,711.4533333333334,7.0,0.609,0.5714285714285718,1.3999999999999995,0.388,3.7,0.379,0.581,0.283,3.99,0.5,3.9,1.6,0.9,1.7999999999999972,0.5,-8.0,31.5,10.83,0.14,0.39,1.19
1628960,Grayson Allen,PHX,75,198,30.0,51,28.8,1467.2783333333334,16.5,0.568,0.5238095238095238,4.199999999999999,0.349,8.9,0.491,0.642,0.394,4.32,0.3,3.0,3.8,1.6,1.0,1.4,3.200000000000003,40.5,10.31,0.0,0.53,0.16
1627824,Guerschon Yabusele,CHI,79,265,30.0,67,15.0,1007.0566666666666,5.6,0.543,0.4999999999999999,1.8000000000000003,0.352,2.9,0.499,0.63,0.326,4.35,0.2,3.5,0.9,0.6,-4.900000000000006,0.4,1.6000000000000085,,,0.03,0.33,0.77
1630611,Gui Santos,GSW,79,185,24.0,68,20.5,1395.3633333333332,9.2,0.609,0.6571428571428571,3.5,0.351,3.3,0.499,0.678,0.371,4.5,0.3,3.9,2.3,1.5,-1.0,0.9,-3.200000000000003,,,0.06,0.31,0.59
203084,Harrison Barnes,SAS,79,225,34.0,77,25.8,1986.475,9.9,0.608,0.5517241379310344,2.9000000000000004,0.388,4.6,0.459,0.632,0.322,4.37,0.2,2.8,1.9,0.8,2.200000000000003,0.6,3.3999999999999915,39.5,10.93,0.04,0.4,0.66
1631127,Harrison Ingram,SAS,77,230,23.0,7,3.7,26.116666666666667,1.6,0.917,0.7499999999999999,0.8,1.0,0.1,0.6,1.0,,4.06,0.0,0.4,0.1,0.1,-13.5,0.0,7.6000000000000085,35.0,11.36,0.0,0.0,0.0
1643060,Hayden Gray,UTA,76,190,23.0,1,24.8,24.75,6.0,0.773,1.0,2.0,0.0,1.0,0.571,1.0,0.5,4.35,1.0,0.0,1.0,1.0,3.799999999999997,1.0,21.19999999999999,,,0.0,1.0,0.0
1629312,Haywood Highsmith,PHX,77,220,29.0,7,13.0,90.79,5.4,0.729,0.4615384615384615,1.2999999999999998,0.571,2.0,0.361,0.556,0.267,4.46,0.0,1.9,1.0,0.0,4.8999999999999915,0.6,3.299999999999997,,,0.0,0.0,0.25
1630529,Herbert Jones,NOP,79,206,27.0,56,28.4,1588.3816666666667,8.9,0.491,0.4871794871794871,3.9000000000000004,0.309,4.6,0.477,0.607,0.326,4.27,0.5,3.4,2.8,1.3,1.7000000000000028,1.6,-3.6999999999999886,36.5,11.02,0.04,0.54,0.68
1642864,Hugo González,BOS,78,200,20.0,74,14.6,1083.93,3.9,0.561,0.5882352941176472,1.6999999999999997,0.362,1.6,0.428,0.539,0.359,4.55,0.3,3.3,0.5,0.5,-0.7000000000000028,0.6,-6.0,,,0.03,0.29,0.25
1630621,Hunter Dickinson,NOP,85,255,25.0,5,8.5,42.47833333333333,2.4,0.403,0.5000000000000001,1.9999999999999998,0.0,0.8,0.6,0.909,0.333,4.22,0.4,1.0,0.4,0.6,-13.400000000000006,0.2,18.39999999999999,,,0.0,0.0,0.8
1642282,Hunter Sallis,PHI,76,185,23.0,7,3.7,25.673333333333332,1.0,0.595,0.5714285714285715,0.7,0.0,0.0,0.417,0.8,0.167,4.74,0.1,0.1,0.6,0.7,-25.5,0.0,-1.0,36.0,10.82,0.0,0.0,0.0
1641816,Hunter Tyson,DEN,80,215,26.0,21,7.7,161.9,2.2,0.398,0.4444444444444445,0.8999999999999999,0.212,1.6,0.419,0.64,0.217,4.49,0.0,1.7,0.8,0.2,-21.900000000000006,0.1,-9.700000000000003,,,0.0,0.25,0.0
1630193,Immanuel Quickley,TOR,74,190,27.0,70,31.9,2231.3083333333334,16.4,0.577,0.5245901639344263,6.1000000000000005,0.374,6.8,0.453,0.608,0.345,4.46,0.1,4.0,5.9,1.5,3.0999999999999943,1.3,3.5999999999999943,35.5,11.21,0.0,0.47,0.33
1642403,Isaac Jones,DET,80,245,25.0,7,5.1,35.68333333333333,1.3,0.514,0.5714285714285715,0.7,0.0,0.3,0.429,0.667,0.4,4.16,0.1,0.7,0.1,0.1,-39.2,0.0,-0.09999999999999432,35.0,11.49,0.0,0.0,0.0
1630171,Isaac Okoro,CHI,76,225,25.0,63,26.9,1694.89,9.3,0.574,0.5526315789473684,3.8,0.33,3.5,0.458,0.58,0.385,4.52,0.5,2.7,1.6,0.7,1.5999999999999943,0.7,7.599999999999994,,,0.22,0.46,0.78
1642268,Isaiah Collier,UTA,76,210,21.0,59,25.7,1516.92,11.7,0.567,0.5428571428571429,6.999999999999999,0.27,1.7,0.527,0.701,0.448,4.21,0.3,2.5,7.2,2.5,-4.099999999999994,1.1,4.299999999999997,34.0,10.77,0.02,0.32,0.07
1642384,Isaiah Crawford,HOU,78,220,24.0,14,6.6,92.1,2.0,0.526,0.625,0.7999999999999999,0.231,0.9,0.435,0.889,0.111,4.18,0.2,1.1,0.4,0.3,-20.60000000000001,0.1,-9.099999999999994,,,0.0,0.14,0.14
1628392,Isaiah Hartenstein,OKC,84,250,28.0,47,24.2,1137.425,9.2,0.631,0.6290322580645161,6.2,0.0,0.1,0.417,0.497,0.379,4.49,0.8,9.4,3.5,1.7,2.700000000000003,1.0,-3.3999999999999915,,,0.02,0.68,2.28
1630543,Isaiah Jackson,LAC,80,205,24.0,55,16.5,908.3116666666666,6.7,0.653,0.6428571428571429,4.2,0.0,0.1,0.489,0.624,0.295,4.41,0.9,5.3,0.9,1.1,6.599999999999994,0.7,2.700000000000003,,,0.0,0.35,0.81
1630198,Isaiah Joe,OKC,76,165,26.0,71,21.2,1507.445,11.1,0.657,0.6250000000000001,1.5999999999999996,0.423,6.0,0.453,0.637,0.329,4.49,0.2,2.5,1.3,0.6,0.6000000000000085,0.7,-0.20000000000000284,,,0.11,0.34,0.23
1630587,Isaiah Livers,PHX,78,232,27.0,36,9.6,347.36,1.8,0.469,0.4285714285714286,0.7,0.3,1.1,0.47,0.63,0.283,4.46,0.2,1.7,0.6,0.3,-4.8999999999999915,0.4,-4.5,,,0.0,0.19,0.16
1641815,Isaiah Stevens,SAC,71,185,25.0,3,14.3,42.78333333333333,3.3,0.571,0.5000000000000001,1.9999999999999998,0.0,0.3,0.9,1.0,0.8,4.32,0.0,1.0,3.3,0.7,-0.29999999999999716,1.7,3.0999999999999943,,,0.0,0.0,0.0
1630191,Isaiah Stewart,DET,80,250,25.0,58,22.7,1317.135,10.0,0.632,0.6458333333333331,4.800000000000001,0.333,2.1,0.439,0.496,0.39,4.06,1.6,5.0,1.1,1.2,-5.0,0.3,4.5,,,0.0,0.31,1.38
1627826,Ivica Zubac,IND,84,240,29.0,48,30.1,1446.6983333333333,14.1,0.622,0.6,10.0,0.0,0.0,0.455,0.526,0.365,4.08,0.8,10.6,2.2,1.8,3.200000000000003,0.4,2.799999999999997,,,0.0,0.42,2.35
1631120,JD Davison,HOU,73,195,23.0,28,7.8,218.41666666666666,2.5,0.477,0.5000000000000002,1.1999999999999997,0.25,1.1,0.409,0.571,0.345,4.24,0.2,1.2,1.3,0.3,-9.0,0.2,-6.200000000000003,37.0,11.38,0.06,0.17,0.11
1629630,Ja Morant,MEM,74,174,26.0,20,28.4,568.5,19.5,0.521,0.47457627118644063,11.8,0.235,4.3,0.498,0.539,0.432,4.28,0.3,3.3,8.1,3.6,-2.799999999999997,1.0,-4.699999999999989,,,0.1,0.55,0.3
1642266,Ja'Kobe Walter,TOR,76,180,21.0,72,20.5,1473.575,7.5,0.61,0.5263157894736844,1.8999999999999995,0.409,3.7,0.461,0.593,0.325,4.61,0.2,2.6,1.2,0.5,-3.200000000000003,1.0,-0.20000000000000284,38.5,11.0,0.07,0.4,0.24
1631095,Jabari Smith Jr.,HOU,83,220,23.0,77,35.1,2705.365,15.8,0.569,0.5312500000000001,6.3999999999999995,0.363,6.3,0.456,0.571,0.349,4.04,0.9,6.9,1.9,1.4,3.4000000000000057,0.7,4.599999999999994,,,0.0,0.47,0.73
1631133,Jabari Walker,PHI,79,237,23.0,64,11.9,761.6683333333333,4.3,0.568,0.5555555555555556,1.7999999999999998,0.337,1.5,0.48,0.645,0.333,4.2,0.2,3.0,0.5,0.4,-1.1000000000000085,0.4,-1.2000000000000028,32.5,11.53,0.07,0.2,0.38
1631210,Jacob Toppin,ATL,81,200,26.0,5,3.4,16.866666666666667,1.6,0.667,0.6666666666666667,1.2,0.0,0.0,0.0,0.0,0.0,4.28,0.2,0.2,0.2,0.0,-11.899999999999991,0.0,-43.099999999999994,,,0.0,0.0,0.0
1630702,Jaden Hardy,WAS,75,198,23.0,57,15.8,898.0966666666667,9.2,0.566,0.48275862068965514,2.9000000000000004,0.397,4.6,0.484,0.642,0.33,4.34,0.1,1.5,1.0,1.1,3.5,0.3,-5.099999999999994,,,0.06,0.23,0.23
1631093,Jaden Ivey,CHI,75,195,24.0,37,18.1,670.255,8.5,0.571,0.5151515151515151,3.3000000000000003,0.373,3.6,0.504,0.629,0.383,4.32,0.4,2.5,1.8,1.1,-6.200000000000003,0.6,4.3999999999999915,,,0.0,0.44,0.14
1630183,Jaden McDaniels,MIN,81,185,25.0,73,31.7,2316.4133333333334,14.8,0.611,0.5584415584415586,7.699999999999999,0.412,3.4,0.449,0.528,0.343,4.38,1.0,4.2,2.7,1.8,1.7999999999999972,1.1,2.5,,,0.01,0.66,0.14
1630256,Jae'Sean Tate,HOU,76,230,30.0,46,8.8,404.72333333333336,2.8,0.567,0.5882352941176471,1.7,0.313,0.7,0.469,0.621,0.3,4.28,0.1,1.6,0.5,0.3,-10.200000000000003,0.2,-0.5,,,0.05,0.33,0.35
1642942,Jahmai Mashack,MEM,76,203,23.0,31,21.7,673.1516666666666,6.2,0.456,0.48717948717948717,3.9,0.253,2.4,0.536,0.7,0.301,4.45,0.5,2.6,2.2,1.6,-8.299999999999997,1.2,3.200000000000003,,,0.03,0.41,0.38
1642443,Jahmir Young,MIA,72,185,25.0,14,4.2,58.195,1.8,0.483,0.4166666666666666,1.2000000000000002,0.333,0.6,0.5,0.857,0.333,4.5,0.0,0.3,0.6,0.2,-2.299999999999997,0.1,-5.799999999999997,,,0.0,0.13,0.0
1643141,Jahmyl Telfort,LAC,79,,25.0,8,4.0,32.03333333333333,0.1,0.087,,0.0,0.0,0.5,0.286,0.333,0.0,4.28,0.0,0.4,0.1,0.1,-20.400000000000006,0.1,-16.5,,,0.0,0.0,0.33
1631170,Jaime Jaquez Jr.,MIA,78,225,25.0,75,28.3,2121.21,15.4,0.57,0.5510204081632654,9.799999999999999,0.317,2.4,0.469,0.598,0.372,4.74,0.3,5.0,4.7,2.0,0.6000000000000085,0.7,-0.5999999999999943,39.0,11.21,0.0,0.51,0.67
1631222,Jake LaRavia,LAL,79,235,24.0,82,25.1,2061.47,8.2,0.571,0.5588235294117646,3.4000000000000004,0.321,3.0,0.48,0.632,0.35,4.47,0.5,4.0,1.8,1.1,1.5,1.3,4.3999999999999915,34.0,10.58,0.02,0.54,0.52
1627751,Jakob Poeltl,TOR,84,253,30.0,46,25.0,1149.06,10.7,0.698,0.7014925373134329,6.7,0.0,0.0,0.503,0.645,0.368,4.49,0.7,7.0,2.0,1.2,1.0,0.9,2.1999999999999886,,,0.04,0.46,2.11
1628973,Jalen Brunson,NYK,74,190,29.0,74,35.0,2589.806666666667,26.0,0.58,0.5234375000000001,12.799999999999999,0.369,7.1,0.481,0.709,0.351,4.27,0.1,3.3,6.8,2.4,6.799999999999997,0.8,7.699999999999989,37.0,10.59,0.39,0.54,0.2
1631105,Jalen Duren,DET,82,250,22.0,70,28.2,1975.8533333333332,19.5,0.688,0.6521739130434783,11.5,0.0,0.0,0.461,0.603,0.365,4.17,0.8,10.5,2.0,1.9,7.700000000000003,0.8,0.9000000000000057,,,0.0,0.83,2.4
1630224,Jalen Green,PHX,76,186,24.0,32,25.9,828.325,17.8,0.516,0.5168539325842696,8.9,0.313,7.1,0.425,0.518,0.296,4.52,0.3,3.6,2.8,2.3,0.7999999999999972,1.1,1.4000000000000057,,,0.0,0.28,0.1
1630552,Jalen Johnson,ATL,80,219,24.0,72,35.2,2531.5983333333334,22.5,0.581,0.532258064516129,12.400000000000002,0.352,4.7,0.491,0.635,0.344,4.32,0.4,10.3,7.9,3.4,4.5,1.2,1.5,,,0.03,0.44,0.67
1629618,Jalen Pickett,DEN,74,202,26.0,50,16.1,806.48,5.2,0.541,0.4761904761904763,2.0999999999999996,0.386,2.5,0.42,0.532,0.346,4.16,0.1,2.3,2.3,0.7,-10.700000000000003,0.3,-4.0,33.0,11.91,0.0,0.26,0.37
1641771,Jalen Slawson,IND,79,215,26.0,13,23.9,310.55,7.3,0.562,0.5,2.8000000000000003,0.375,3.1,0.464,0.62,0.25,4.38,1.1,4.4,2.8,1.3,-8.5,1.5,-13.800000000000011,33.0,11.26,0.08,0.15,0.31
1630188,Jalen Smith,CHI,80,244,26.0,53,20.7,1095.3883333333333,10.2,0.608,0.6470588235294119,3.3999999999999995,0.373,4.2,0.467,0.524,0.409,4.43,0.8,6.7,1.2,1.0,7.200000000000003,0.5,-4.700000000000003,,,0.08,0.34,1.7
1630591,Jalen Suggs,ORL,77,205,25.0,57,27.6,1573.57,13.8,0.561,0.5490196078431373,5.1000000000000005,0.339,6.3,0.489,0.656,0.352,4.26,0.7,3.9,5.5,2.7,0.8999999999999915,1.8,-7.099999999999994,,,0.11,0.77,0.25
1631114,Jalen Williams,OKC,77,211,25.0,33,28.4,935.9633333333334,17.1,0.56,0.5178571428571429,11.2,0.299,2.3,0.461,0.587,0.371,4.43,0.3,4.6,5.5,1.9,1.3999999999999915,1.2,0.6000000000000085,39.0,11.13,0.0,0.52,0.42
1630592,Jalen Wilson,BKN,78,220,25.0,54,15.9,859.2216666666667,6.4,0.536,0.4347826086956522,2.3,0.355,2.8,0.529,0.678,0.433,4.41,0.0,2.1,0.9,0.7,-3.9000000000000057,0.4,-2.8999999999999915,35.0,11.26,0.0,0.25,0.33
1631288,Jamal Cain,ORL,79,191,27.0,40,12.1,485.9683333333333,5.4,0.624,0.6000000000000001,1.9999999999999998,0.384,1.8,0.448,0.691,0.287,4.36,0.1,2.0,0.7,0.5,5.0,0.3,0.29999999999999716,,,0.0,0.06,0.31
1627750,Jamal Murray,DEN,76,215,29.0,75,35.4,2651.891666666667,25.4,0.622,0.5188679245283019,10.600000000000001,0.435,7.5,0.479,0.676,0.339,4.19,0.4,4.4,7.1,2.3,13.100000000000009,0.9,7.799999999999997,,,0.05,0.44,0.2
1642347,Jamal Shead,TOR,73,200,23.0,82,22.6,1852.2383333333332,6.6,0.491,0.4482758620689655,2.8999999999999995,0.321,3.2,0.481,0.709,0.342,4.16,0.2,1.7,5.4,1.4,1.7999999999999972,0.9,-3.6000000000000085,37.5,10.87,0.07,0.3,0.17
1631123,Jamaree Bouyea,PHX,74,180,27.0,46,14.0,644.0583333333333,5.7,0.523,0.5294117647058824,3.3999999999999995,0.295,1.7,0.444,0.586,0.313,4.44,0.3,1.8,1.8,0.7,-8.400000000000006,0.6,-9.300000000000011,,,0.0,0.29,0.11
201935,James Harden,CLE,77,220,36.0,70,34.8,2438.495,23.6,0.61,0.49999999999999994,7.800000000000001,0.375,8.2,0.465,0.661,0.338,3.59,0.4,4.8,8.0,3.5,-2.5,1.1,1.8000000000000114,37.0,11.1,0.0,0.67,0.54
1630164,James Wiseman,IND,83,240,25.0,4,14.6,58.461666666666666,3.3,0.597,0.6,2.5,0.0,0.0,0.52,0.545,0.167,4.66,0.3,2.0,0.8,1.3,-10.799999999999997,0.0,-14.599999999999994,,,0.0,0.5,1.0
1642364,Jamir Watkins,WAS,78,210,24.0,50,20.6,1032.1766666666667,7.4,0.554,0.6296296296296297,2.7,0.297,3.2,0.513,0.628,0.396,4.4,0.5,3.9,1.3,0.8,0.30000000000001137,1.1,-6.5,35.5,10.64,0.08,0.35,0.22
1642419,Jamison Battle,TOR,79,220,25.0,61,8.5,516.7783333333333,3.1,0.635,0.6,1.0,0.412,1.4,0.491,0.549,0.385,4.38,0.0,1.5,0.4,0.3,-2.200000000000003,0.1,-6.599999999999994,,,0.02,0.16,0.21
1641716,Jarace Walker,IND,79,235,22.0,76,25.7,1953.3833333333334,11.6,0.543,0.4489795918367348,4.8999999999999995,0.374,4.7,0.494,0.65,0.332,4.25,0.3,5.1,2.5,1.8,-3.5999999999999943,0.8,2.799999999999997,38.0,10.89,0.01,0.28,0.4
1642272,Jared McCain,OKC,75,195,22.0,67,17.3,1159.6666666666667,8.3,0.551,0.4411764705882352,3.4000000000000004,0.385,3.8,0.477,0.602,0.376,4.48,0.1,2.0,1.3,0.8,-0.20000000000000284,0.5,-4.099999999999994,33.0,10.87,0.05,0.41,0.1
1628991,Jaren Jackson Jr.,UTA,82,242,26.0,48,30.3,1454.6483333333333,19.4,0.576,0.5247524752475248,10.1,0.357,4.9,0.428,0.562,0.336,4.09,1.4,5.7,2.0,2.2,8.199999999999989,1.1,-29.89999999999999,,,0.02,0.5,0.79
1629020,Jarred Vanderbilt,LAL,80,214,27.0,65,17.3,1127.7416666666666,4.4,0.544,0.5909090909090908,2.2,0.293,1.5,0.478,0.665,0.29,4.42,0.3,4.5,1.3,0.9,-2.799999999999997,0.8,-0.8999999999999915,,,0.0,0.51,0.38
1628386,Jarrett Allen,CLE,81,243,28.0,56,27.1,1519.12,15.4,0.669,0.6521739130434782,9.200000000000001,0.1,0.2,0.462,0.562,0.349,4.21,0.8,8.5,1.8,1.3,3.5,1.0,-0.09999999999999432,35.5,11.82,0.04,0.66,1.39
1642859,Jase Richardson,ORL,73,180,20.0,54,10.9,586.7483333333333,4.4,0.574,0.55,2.0,0.354,1.5,0.497,0.635,0.304,4.66,0.0,1.2,1.1,0.5,-2.1999999999999886,0.4,-0.29999999999999716,,,0.03,0.31,0.14
1642914,Javon Small,MEM,73,190,23.0,41,20.2,829.9083333333333,9.7,0.611,0.5142857142857142,3.5,0.423,3.5,0.455,0.59,0.32,4.51,0.2,3.1,3.7,1.4,0.0,0.8,-0.09999999999999432,,,0.0,0.37,0.13
1631451,Javonte Cooke,POR,78,185,26.0,19,4.9,93.665,1.2,0.275,0.29999999999999993,1.0000000000000002,0.13,1.2,0.553,0.667,0.3,4.64,0.0,1.0,0.4,0.5,-39.3,0.3,-13.099999999999994,,,0.0,0.17,0.08
1629750,Javonte Green,DET,77,205,32.0,82,17.6,1445.9616666666666,6.9,0.607,0.5999999999999999,2.0,0.381,3.0,0.466,0.561,0.37,4.25,0.3,2.8,0.7,0.5,-4.900000000000006,1.2,-3.799999999999997,,,0.0,0.61,0.35
1629637,Jaxson Hayes,LAL,84,220,26.0,66,18.3,1206.5783333333334,7.5,0.758,0.75,4.0,1.0,0.0,0.46,0.645,0.327,3.87,0.8,4.1,0.9,0.5,-0.5999999999999943,0.4,-1.9000000000000057,34.5,11.74,0.02,0.24,0.73
1630643,Jay Huff,IND,85,240,28.0,82,21.0,1719.2433333333333,9.5,0.598,0.6666666666666666,3.0,0.319,4.5,0.459,0.57,0.299,4.26,1.9,4.0,1.5,0.9,-2.1999999999999886,0.5,-4.299999999999997,,,0.01,0.25,1.36
1627759,Jaylen Brown,BOS,78,223,29.0,71,34.4,2442.838333333333,28.7,0.573,0.525,16.0,0.347,5.7,0.422,0.564,0.345,4.06,0.4,6.9,5.1,3.6,2.200000000000003,1.0,6.299999999999997,,,0.01,0.82,0.72
1641740,Jaylen Clark,MIN,77,205,24.0,68,13.1,887.7033333333334,4.0,0.534,0.5263157894736842,1.9,0.327,1.5,0.433,0.544,0.314,4.29,0.1,1.8,0.6,0.3,-2.0999999999999943,0.7,-3.3999999999999915,,,0.0,0.25,0.17
1642377,Jaylen Wells,MEM,79,,22.0,69,26.4,1820.6416666666667,12.5,0.559,0.5208333333333335,4.8,0.353,5.3,0.475,0.633,0.328,4.42,0.1,3.2,1.6,1.1,4.400000000000006,0.9,1.2000000000000028,36.0,11.28,0.0,0.49,0.26
1631119,Jaylin Williams,OKC,81,240,24.0,65,19.7,1277.375,7.2,0.597,0.5333333333333331,1.5000000000000004,0.383,3.9,0.426,0.571,0.3,3.92,0.6,5.5,2.4,1.0,-2.8000000000000114,0.5,-3.5,30.0,11.64,0.26,0.25,1.2
1642281,Jaylon Tyson,CLE,78,215,23.0,66,26.9,1777.4833333333333,13.2,0.608,0.5263157894736843,5.699999999999999,0.446,4.5,0.436,0.579,0.355,4.54,0.4,5.1,2.2,1.5,-0.09999999999999432,0.8,1.0,36.5,11.13,0.0,0.5,0.73
1643257,Jayson Kent,POR,80,215,24.0,5,4.5,22.466666666666665,2.0,0.672,1.0000000000000004,0.5999999999999999,0.25,0.8,0.556,0.6,1.0,4.13,0.2,1.0,0.0,0.0,-29.0,0.2,-17.69999999999999,,,0.0,1.0,0.0
1628369,Jayson Tatum,BOS,80,210,28.0,16,32.6,521.85,21.8,0.541,0.5000000000000001,8.999999999999998,0.329,8.9,0.4,0.596,0.299,3.82,0.2,10.0,5.3,2.4,1.2999999999999972,1.4,-1.5,,,0.0,0.31,0.56
201145,Jeff Green,HOU,80,235,39.0,30,5.8,174.81666666666666,2.2,0.477,0.5000000000000001,0.7999999999999998,0.273,1.5,0.369,0.75,0.171,3.64,0.1,0.8,0.3,0.1,-14.300000000000011,0.1,-0.29999999999999716,38.0,12.0,0.0,0.0,0.16
203924,Jerami Grant,POR,79,213,32.0,57,29.7,1695.1016666666667,18.6,0.608,0.5074626865671641,6.700000000000001,0.389,6.1,0.47,0.665,0.352,4.26,0.6,3.5,2.1,2.1,5.0,0.7,4.900000000000006,,,0.04,0.54,0.49
1642847,Jeremiah Fears,NOP,75,190,19.0,82,25.8,2111.903333333333,14.3,0.525,0.47674418604651153,8.600000000000001,0.33,3.7,0.493,0.694,0.369,4.48,0.4,3.7,3.4,2.2,-0.4000000000000057,1.2,4.200000000000003,,,0.01,0.39,0.26
1630526,Jeremiah Robinson-Earl,DAL,81,240,25.0,22,16.4,360.615,4.6,0.468,0.4615384615384615,2.6,0.244,1.9,0.604,0.778,0.417,4.92,0.0,4.7,0.7,0.5,-6.700000000000003,0.4,17.099999999999994,32.0,11.64,0.0,0.33,0.57
1631110,Jeremy Sochan,NYK,80,230,23.0,44,10.6,468.5516666666667,3.6,0.563,0.631578947368421,1.9,0.244,1.0,0.508,0.613,0.403,4.55,0.2,2.4,0.9,0.5,-4.300000000000011,0.4,-15.600000000000009,,,0.0,0.42,0.37
1630579,Jericho Sims,MIL,82,250,27.0,67,19.7,1317.835,5.0,0.772,0.7857142857142858,2.8,0.0,0.0,0.452,0.66,0.323,4.34,0.3,5.5,1.6,1.1,-1.0,0.3,4.299999999999997,44.5,11.59,0.0,0.33,1.57
1641724,Jett Howard,ORL,80,215,22.0,55,12.6,695.32,5.5,0.561,0.45000000000000007,1.9999999999999996,0.372,2.6,0.488,0.632,0.392,4.06,0.2,1.6,0.8,0.3,-1.2000000000000028,0.2,6.299999999999997,,,0.0,0.24,0.2
1628975,Jevon Carter,ORL,72,190,30.0,53,16.4,867.4416666666667,6.4,0.537,0.4705882352941175,1.7000000000000002,0.363,4.1,0.455,0.654,0.293,4.43,0.2,1.7,1.6,0.7,-11.299999999999997,0.8,0.5999999999999943,36.5,11.04,0.0,0.28,0.23
202710,Jimmy Butler III,GSW,78,230,36.0,38,31.1,1181.6766666666667,20.0,0.646,0.55,10.0,0.376,2.2,0.501,0.695,0.348,4.29,0.2,5.6,4.9,1.6,5.299999999999997,1.4,-6.200000000000003,39.0,11.12,0.03,0.87,0.74
1642866,Joan Beringer,MIN,83,230,19.0,40,7.9,314.13166666666666,3.9,0.683,0.64,2.5,0.0,0.0,0.475,0.504,0.333,4.63,0.7,2.3,0.3,0.3,2.700000000000003,0.2,3.5999999999999943,,,0.0,0.11,0.43
1629111,Jock Landale,ATL,83,255,30.0,68,22.1,1506.0766666666666,10.6,0.595,0.5660377358490566,5.3,0.383,2.8,0.514,0.615,0.41,4.24,0.5,5.7,1.7,0.9,-3.0,0.5,3.4000000000000057,,,0.01,0.32,2.19
204060,Joe Ingles,MIN,80,220,38.0,27,5.7,152.68833333333333,1.5,0.735,0.7499999999999999,0.4,0.438,0.6,0.556,0.722,0.4,3.96,0.1,0.7,1.3,0.5,-4.799999999999997,0.3,4.5,,,0.0,0.08,0.0
203954,Joel Embiid,PHI,84,270,32.0,38,31.6,1200.6383333333333,26.9,0.605,0.5390070921985815,14.100000000000001,0.333,4.2,0.445,0.59,0.31,3.67,1.2,7.7,3.9,2.9,7.799999999999997,0.6,-0.8999999999999915,,,0.03,0.5,1.42
1628381,John Collins,LAC,81,226,28.0,69,27.1,1871.4783333333332,13.6,0.643,0.625,6.3999999999999995,0.406,3.2,0.452,0.602,0.342,4.35,0.7,5.3,1.0,1.4,-2.5999999999999943,0.9,1.5999999999999943,37.5,11.66,0.01,0.45,0.54
1629723,John Konchar,UTA,77,210,30.0,56,19.9,1114.6766666666667,4.4,0.568,0.6666666666666666,1.8,0.283,1.8,0.475,0.709,0.279,4.56,0.7,4.3,2.1,0.6,-4.8999999999999915,1.5,-1.9000000000000057,,,0.02,0.64,0.28
1642967,John Poulakidas,DAL,78,205,23.0,13,19.5,253.435,8.8,0.611,0.5454545454545457,1.0999999999999996,0.403,5.9,0.51,0.714,0.333,4.48,0.3,2.3,0.8,0.3,1.9000000000000057,0.5,-7.6000000000000085,,,0.0,0.31,0.15
1642910,John Tonje,BOS,76,218,25.0,6,7.0,41.89833333333333,2.5,0.476,0.3333333333333333,0.5999999999999999,0.3,1.7,0.529,0.8,0.364,4.59,0.0,1.0,0.3,0.0,-12.400000000000006,0.3,-1.5,,,0.0,0.33,0.33
1641780,Johni Broome,PHI,81,244,23.0,11,5.0,54.76166666666666,0.9,0.188,0.23529411764705882,1.7000000000000002,0.0,0.5,0.548,0.733,0.222,4.42,0.2,1.5,0.4,0.3,-25.69999999999999,0.3,-12.0,,,0.0,0.25,0.5
1642277,Johnny Furphy,IND,80,200,21.0,35,18.4,643.0533333333333,5.1,0.547,0.5652173913043479,2.3,0.324,2.0,0.519,0.653,0.388,4.87,0.2,4.4,1.2,0.8,1.0,0.6,-2.9000000000000057,32.0,11.15,0.0,0.45,0.45
1630548,Johnny Juzang,MIN,79,226,25.0,21,4.2,87.69833333333334,2.0,0.518,0.7142857142857143,0.7,0.25,1.1,0.406,0.636,0.4,4.79,0.0,0.8,0.3,0.2,-12.100000000000009,0.1,-2.5,32.5,11.03,0.0,0.07,0.07
202685,Jonas Valanciunas,DEN,83,265,34.0,65,13.4,871.065,8.7,0.63,0.6071428571428572,5.6,0.308,0.4,0.495,0.575,0.464,3.96,0.6,5.1,1.2,1.1,-7.5,0.2,1.5,,,0.0,0.21,1.44
1628371,Jonathan Isaac,ORL,82,230,28.0,52,10.0,520.8933333333333,2.6,0.498,0.5714285714285714,1.4000000000000001,0.184,0.7,0.408,0.519,0.288,4.32,0.6,2.5,0.4,0.3,-10.299999999999997,0.4,-7.6000000000000085,,,0.0,0.08,0.43
1630228,Jonathan Kuminga,ATL,79,225,23.0,36,23.1,830.4966666666667,12.2,0.557,0.5230769230769231,6.5,0.333,2.9,0.47,0.61,0.318,4.48,0.3,5.6,2.3,1.9,-4.099999999999994,0.6,-10.300000000000011,,,0.03,0.42,0.44
1642367,Jonathan Mogbo,TOR,81,225,24.0,40,6.2,248.89666666666668,1.5,0.608,0.6363636363636362,1.1,0.0,0.0,0.482,0.566,0.387,4.35,0.2,1.7,0.6,0.4,-19.799999999999997,0.3,-5.700000000000003,37.5,11.14,0.0,0.13,0.47
203903,Jordan Clarkson,NYK,77,194,34.0,72,17.8,1279.4616666666666,8.6,0.548,0.5348837209302325,4.3,0.327,3.0,0.499,0.589,0.456,4.6,0.1,1.8,1.3,0.9,-3.0999999999999943,0.4,0.6000000000000085,38.5,10.76,0.0,0.32,0.42
1630692,Jordan Goodwin,PHX,75,215,27.0,70,22.5,1571.7766666666666,8.7,0.525,0.4722222222222221,3.6000000000000005,0.371,4.3,0.48,0.633,0.383,4.51,0.2,4.9,2.2,1.0,1.0,1.5,-2.5,,,0.01,0.63,0.47
1641722,Jordan Hawkins,NOP,77,190,24.0,51,13.6,691.975,5.1,0.48,0.375,2.4,0.348,2.6,0.485,0.661,0.31,4.49,0.2,1.7,0.8,0.7,-6.799999999999997,0.3,-0.4000000000000057,,,0.03,0.25,0.1
1629162,Jordan McLaughlin,SAS,71,185,30.0,44,6.4,281.6166666666667,2.0,0.542,0.4444444444444445,0.9,0.425,0.9,0.604,0.75,0.417,4.47,0.0,0.7,0.9,0.3,-19.10000000000001,0.5,2.299999999999997,,,0.0,0.1,0.1
1641757,Jordan Miller,LAC,77,194,26.0,60,22.1,1324.78,10.0,0.628,0.5918367346938775,4.9,0.345,1.8,0.471,0.604,0.352,4.37,0.2,3.0,2.3,1.1,-1.7000000000000028,0.8,0.5,36.5,11.43,0.02,0.31,0.21
1629673,Jordan Poole,NOP,76,194,27.0,39,23.9,933.2366666666667,13.4,0.53,0.42500000000000004,4.0,0.333,7.4,0.469,0.648,0.331,4.03,0.4,2.0,3.1,1.8,-4.3999999999999915,0.6,0.3999999999999915,35.5,10.59,0.08,0.26,0.15
1641775,Jordan Walsh,BOS,78,205,22.0,68,17.8,1211.97,5.4,0.623,0.6190476190476192,2.0999999999999996,0.384,1.8,0.443,0.543,0.376,4.36,0.5,4.0,0.8,0.5,-1.1999999999999886,0.7,3.200000000000003,36.0,10.83,0.0,0.25,0.46
1630631,Jose Alvarado,NYK,72,179,28.0,69,19.9,1370.2366666666667,7.4,0.543,0.5217391304347827,2.3,0.352,4.2,0.477,0.695,0.346,4.38,0.1,2.5,3.4,1.1,-4.5,1.0,-7.400000000000006,,,0.02,0.39,0.18
1630581,Josh Giddey,CHI,79,214,23.0,54,32.1,1731.3566666666666,17.0,0.562,0.4938271604938271,8.100000000000001,0.364,5.2,0.495,0.654,0.377,4.41,0.5,8.3,9.1,3.6,1.5999999999999943,1.0,1.3999999999999915,,,0.04,0.72,0.3
1630182,Josh Green,CHA,78,200,25.0,58,15.7,907.9283333333333,4.3,0.644,0.5714285714285712,0.7000000000000002,0.42,2.4,0.394,0.633,0.231,4.56,0.1,1.8,0.8,0.6,1.4000000000000057,0.6,-8.299999999999997,39.5,10.64,0.02,0.43,0.23
1628404,Josh Hart,NYK,77,215,31.0,66,30.2,1993.575,12.0,0.612,0.5849056603773585,5.3,0.413,3.7,0.488,0.68,0.348,4.25,0.3,7.4,4.8,1.9,0.9000000000000057,1.1,3.299999999999997,35.5,11.15,0.05,0.85,0.45
1631169,Josh Minott,BKN,80,205,23.0,49,17.0,833.7316666666667,7.4,0.653,0.6500000000000001,1.9999999999999996,0.418,3.1,0.461,0.565,0.407,4.43,0.5,3.2,0.9,0.9,-4.400000000000006,0.9,-1.0,,,0.0,0.48,0.27
1642490,Josh Oduro,NOP,81,240,25.0,3,27.3,81.76666666666667,8.3,0.636,0.74,5.0,0.0,0.7,0.567,0.714,0.556,4.48,0.0,7.7,1.3,0.7,13.299999999999997,0.0,8.399999999999991,,,0.33,1.33,2.67
1629006,Josh Okogie,HOU,76,213,27.0,78,17.4,1353.8116666666667,4.5,0.544,0.47058823529411775,1.6999999999999997,0.385,2.1,0.469,0.596,0.38,4.21,0.2,2.6,0.9,0.5,-0.7999999999999972,0.8,-1.0,42.0,11.08,0.03,0.65,0.16
201950,Jrue Holiday,POR,76,220,36.0,53,29.4,1560.4016666666666,16.3,0.573,0.5151515151515151,6.6000000000000005,0.378,6.8,0.457,0.612,0.338,4.3,0.1,4.6,6.1,2.8,4.099999999999994,1.0,-5.900000000000006,34.0,10.64,0.0,0.58,0.29
1630577,Julian Champagnie,SAS,79,217,25.0,82,27.6,2265.963333333333,11.1,0.609,0.5909090909090909,2.2,0.381,6.2,0.481,0.612,0.37,4.36,0.5,5.8,1.5,0.8,7.700000000000003,0.8,-1.9000000000000057,34.5,11.39,0.0,0.52,0.57
1641763,Julian Phillips,MIN,78,201,22.0,48,8.9,427.01666666666665,2.9,0.534,0.6363636363636364,1.1,0.308,1.4,0.442,0.571,0.375,4.59,0.1,1.0,0.2,0.2,-8.400000000000006,0.5,-10.5,43.0,11.09,0.06,0.17,0.25
1642882,Julian Reese,WAS,81,230,23.0,13,30.9,401.5,11.8,0.557,0.5217391304347826,9.2,0.0,0.0,0.505,0.635,0.371,4.24,0.6,10.5,1.8,2.5,1.0,1.4,-2.200000000000003,,,0.0,0.62,1.92
1631124,Julian Strawther,DEN,78,205,24.0,57,15.1,860.6733333333333,7.2,0.59,0.5333333333333334,2.9999999999999996,0.387,2.6,0.516,0.693,0.453,4.44,0.1,2.0,1.1,0.6,-7.0,0.4,-2.299999999999997,34.5,10.94,0.02,0.28,0.06
203944,Julius Randle,MIN,81,250,31.0,79,33.0,2610.2966666666666,21.1,0.585,0.5412844036697247,10.9,0.315,4.4,0.48,0.619,0.384,3.93,0.2,6.7,5.0,2.7,8.700000000000003,1.1,6.099999999999994,35.5,11.45,0.0,0.7,1.04
1630551,Justin Champagnie,WAS,78,206,25.0,69,20.0,1377.4533333333334,8.7,0.589,0.6046511627906975,4.300000000000001,0.319,2.4,0.494,0.649,0.336,4.4,0.6,5.6,1.2,0.7,1.7000000000000028,0.9,-1.1999999999999886,35.0,11.94,0.0,0.47,0.26
1642348,Justin Edwards,PHI,79,217,22.0,64,15.3,977.0183333333333,6.0,0.572,0.5454545454545455,2.2,0.372,2.8,0.553,0.681,0.437,4.34,0.2,1.5,1.3,0.6,-2.3999999999999915,0.8,1.7999999999999972,32.5,12.07,0.02,0.27,0.21
203994,Jusuf Nurkić,UTA,83,290,31.0,41,26.4,1083.0683333333334,10.9,0.548,0.5428571428571429,6.999999999999999,0.352,1.7,0.487,0.603,0.351,4.08,0.5,10.4,4.8,2.5,-3.5,1.3,-3.8999999999999915,,,0.0,0.34,3.15
1642354,KJ Simpson,DEN,74,189,23.0,20,12.9,257.61,4.6,0.426,0.3666666666666667,3.0,0.3,2.0,0.421,0.568,0.306,4.53,0.0,1.9,2.2,1.3,-12.700000000000003,0.8,-47.69999999999999,40.5,10.49,0.06,0.31,0.25
1642955,Kadary Richmond,WAS,78,205,24.0,3,22.3,66.8,8.3,0.722,0.6499999999999999,4.0,0.5,1.3,0.35,0.5,0.231,4.1,0.3,3.3,2.7,0.7,2.5999999999999943,2.7,-7.1000000000000085,,,0.0,0.0,0.0
1642880,Kam Jones,IND,76,200,24.0,37,16.7,616.325,4.4,0.47,0.4615384615384617,2.5999999999999996,0.293,2.0,0.524,0.655,0.364,4.55,0.0,1.6,3.2,1.0,-4.299999999999997,0.5,-1.4000000000000057,,,0.0,0.23,0.47
1626157,Karl-Anthony Towns,NYK,84,248,30.0,75,31.0,2321.7816666666668,20.1,0.619,0.5567010309278351,9.700000000000001,0.368,4.1,0.476,0.617,0.399,3.94,0.5,11.9,3.0,2.5,5.5,0.9,3.3999999999999915,,,0.03,0.56,2.33
1631255,Karlo Matković,NOP,82,231,25.0,62,14.7,911.7566666666667,5.7,0.696,0.7391304347826086,2.3,0.422,1.5,0.438,0.551,0.309,4.38,0.9,3.7,0.8,0.5,-6.700000000000003,0.4,-6.6000000000000085,,,0.03,0.29,0.76
1642857,Kasparas Jakučionis,MIA,77,200,20.0,53,17.8,944.6283333333333,6.2,0.614,0.43749999999999994,1.6,0.423,2.9,0.472,0.613,0.405,4.75,0.1,2.6,2.6,0.9,1.2000000000000028,0.6,-0.29999999999999716,,,0.06,0.47,0.22
202695,Kawhi Leonard,LAC,78,225,35.0,65,32.1,2084.7283333333335,27.9,0.629,0.5714285714285716,12.599999999999998,0.387,6.8,0.512,0.722,0.377,4.1,0.4,6.4,3.6,2.0,10.799999999999997,1.9,-3.1000000000000085,32.0,11.45,0.0,0.68,0.52
1630811,Keaton Wallace,ATL,75,185,27.0,53,10.1,535.99,3.5,0.52,0.4615384615384615,1.3000000000000003,0.373,1.9,0.481,0.696,0.358,4.59,0.1,1.1,1.8,0.5,-14.200000000000003,0.5,-1.9000000000000057,,,0.0,0.29,0.27
1631099,Keegan Murray,SAC,80,225,25.0,23,34.5,793.0966666666667,14.0,0.499,0.5185185185185186,8.1,0.277,4.9,0.525,0.613,0.341,4.37,1.6,5.7,1.7,1.2,-3.3000000000000114,1.0,-2.0,,,0.04,0.57,0.74
1642276,Kel'el Ware,MIA,84,230,22.0,77,22.1,1703.8216666666667,11.1,0.616,0.611111111111111,5.4,0.395,3.0,0.471,0.608,0.3,4.4,1.1,9.0,0.7,0.8,-2.6000000000000085,0.8,2.8999999999999915,36.0,10.97,0.0,0.46,1.49
1629640,Keldon Johnson,SAS,78,220,26.0,82,23.3,1911.4666666666667,13.2,0.613,0.59375,6.3999999999999995,0.363,3.3,0.442,0.598,0.336,4.32,0.1,5.4,1.4,0.9,-1.4000000000000057,0.6,-1.2000000000000028,,,0.01,0.45,0.85
203482,Kelly Olynyk,SAS,84,240,35.0,42,8.6,360.2133333333333,3.2,0.59,0.6666666666666669,1.1999999999999997,0.255,1.1,0.445,0.616,0.305,4.36,0.1,1.8,1.2,0.6,-15.5,0.4,1.1999999999999886,29.5,11.42,0.08,0.11,0.33
1626162,Kelly Oubre Jr.,PHI,80,210,30.0,50,31.5,1574.3116666666667,14.1,0.58,0.5573770491803277,6.1000000000000005,0.36,4.8,0.476,0.644,0.335,4.19,0.5,5.0,1.6,1.4,2.8999999999999915,1.4,5.5,37.0,11.09,0.0,0.56,0.38
1631113,Kennedy Chandler,UTA,72,170,23.0,11,32.3,355.2266666666667,15.0,0.529,0.4555555555555555,9.0,0.395,3.5,0.481,0.619,0.381,4.16,0.2,3.4,6.7,2.1,10.799999999999997,1.0,0.6999999999999886,41.5,10.73,0.09,0.55,0.0
1629026,Kenrich Williams,OKC,79,210,31.0,56,15.3,855.1633333333333,6.5,0.569,0.5333333333333333,3.0,0.388,2.3,0.525,0.657,0.45,4.12,0.1,3.3,1.4,0.8,-5.300000000000011,0.6,4.799999999999997,33.0,10.86,0.11,0.21,0.51
203484,Kentavious Caldwell-Pope,MEM,77,204,33.0,51,21.3,1087.5583333333334,8.4,0.533,0.4736842105263157,3.8000000000000003,0.316,3.4,0.549,0.771,0.419,4.2,0.2,2.5,2.7,1.2,-0.6000000000000085,0.8,-2.6000000000000085,34.5,10.6,0.0,0.43,0.16
1631165,Keon Ellis,CLE,76,175,26.0,72,20.5,1478.6383333333333,6.7,0.579,0.5555555555555555,1.7999999999999998,0.363,3.5,0.467,0.6,0.358,4.4,0.6,1.9,1.0,0.6,-1.2000000000000028,1.2,1.2000000000000028,35.5,10.87,0.0,0.4,0.06
1642352,Keshad Johnson,MIA,78,225,25.0,32,8.7,279.52166666666665,4.3,0.582,0.6315789473684211,1.9,0.295,1.4,0.433,0.48,0.371,4.65,0.3,1.9,0.3,0.4,7.299999999999997,0.5,-4.5,42.0,11.38,0.0,0.17,0.42
1642933,Keshon Gilbert,ATL,76,200,23.0,4,18.4,73.78333333333333,4.3,0.564,0.5909090909090908,2.2,0.0,0.8,0.483,0.615,0.625,4.62,1.0,1.3,3.0,2.0,7.3999999999999915,0.8,36.900000000000006,,,0.0,0.75,0.0
201142,Kevin Durant,HOU,83,240,37.0,78,36.4,2839.8233333333333,26.0,0.641,0.5762711864406779,11.8,0.413,5.8,0.422,0.549,0.356,3.69,0.9,5.5,4.8,3.2,5.700000000000003,0.8,4.6000000000000085,33.5,12.33,0.0,0.53,0.32
1628989,Kevin Huerter,DET,78,190,27.0,69,22.5,1549.0766666666666,10.0,0.552,0.6410256410256411,3.8999999999999995,0.308,4.7,0.458,0.606,0.336,4.54,0.5,3.5,2.6,1.0,0.0,0.9,-3.5999999999999943,38.0,10.89,0.01,0.28,0.33
201567,Kevin Love,UTA,82,251,37.0,37,16.6,612.8,6.7,0.568,0.43749999999999994,1.6000000000000005,0.373,3.8,0.535,0.699,0.298,4.05,0.2,5.8,1.8,0.8,4.299999999999997,0.4,2.5999999999999943,35.0,11.17,0.08,0.53,1.58
1641755,Kevin McCullar Jr.,NYK,78,210,25.0,21,7.4,154.99333333333334,2.4,0.508,0.5454545454545454,1.1,0.333,1.1,0.484,0.739,0.367,4.53,0.0,1.3,1.0,0.6,-20.5,0.4,-1.2999999999999972,,,0.08,0.31,0.0
1629645,Kevin Porter Jr.,MIL,77,203,26.0,38,33.2,1261.015,17.4,0.567,0.5257731958762887,9.7,0.322,3.8,0.471,0.582,0.39,4.51,0.5,5.2,7.4,2.9,0.10000000000000853,2.2,-2.200000000000003,34.0,10.82,0.0,1.03,0.29
1626172,Kevon Looney,NOP,81,222,30.0,21,14.6,307.4866666666667,2.8,0.458,0.47826086956521735,2.3,0.154,0.6,0.506,0.769,0.364,4.18,0.5,5.6,1.6,0.4,-8.400000000000006,0.4,-1.7999999999999972,,,0.0,0.19,1.33
1641718,Keyonte George,UTA,76,185,22.0,54,33.1,1786.1083333333333,23.6,0.609,0.5104166666666666,9.600000000000001,0.371,6.7,0.526,0.786,0.343,4.21,0.3,3.7,6.1,3.1,5.5,1.1,6.3999999999999915,,,0.04,0.58,0.38
1642863,Khaman Maluach,PHX,85,250,19.0,46,8.9,411.025,3.0,0.586,0.611111111111111,1.7999999999999998,0.238,0.5,0.441,0.443,0.382,4.23,0.7,2.9,0.1,0.5,-8.599999999999994,0.1,-10.0,,,0.0,0.09,0.6
203114,Khris Middleton,DAL,79,222,34.0,63,22.8,1439.0866666666666,10.2,0.533,0.44642857142857145,5.6,0.36,3.0,0.464,0.568,0.355,4.28,0.1,3.7,2.8,1.7,-0.5,0.7,8.799999999999997,31.0,11.45,0.08,0.34,0.58
1630165,Killian Hayes,SAC,76,195,24.0,23,17.6,405.52666666666664,5.5,0.422,0.33333333333333337,3.3,0.27,2.7,0.486,0.725,0.459,4.2,0.2,2.3,3.5,1.2,-7.299999999999997,0.9,-14.700000000000003,,,0.05,0.32,0.09
202691,Klay Thompson,DAL,77,220,36.0,69,21.7,1496.83,11.7,0.541,0.3999999999999999,3.0,0.383,7.6,0.438,0.552,0.342,4.34,0.3,2.1,1.4,0.9,-4.299999999999997,0.5,-5.5,31.5,10.99,0.0,0.23,0.11
1641738,Kobe Brown,IND,79,250,26.0,61,15.8,962.3766666666667,5.8,0.594,0.5714285714285714,2.1000000000000005,0.374,2.3,0.487,0.568,0.465,4.3,0.2,3.0,1.3,0.9,-13.700000000000003,0.4,0.7999999999999972,32.0,11.39,0.06,0.32,0.54
1641723,Kobe Bufkin,LAL,76,195,22.0,16,7.5,119.48333333333333,2.9,0.416,0.4000000000000001,1.5,0.192,1.6,0.632,0.789,0.545,4.27,0.2,0.8,0.6,0.3,-21.5,0.1,13.300000000000011,36.0,11.71,0.11,0.0,0.11
1642920,Kobe Sanders,LAC,80,207,24.0,68,19.9,1351.4166666666667,7.3,0.597,0.5185185185185186,2.6999999999999997,0.408,2.9,0.468,0.569,0.359,4.33,0.1,2.3,1.6,1.2,-3.200000000000003,0.7,-2.5999999999999943,,,0.02,0.41,0.39
1642886,Koby Brea,PHX,77,215,23.0,12,7.0,83.86666666666666,3.8,0.61,0.3999999999999999,0.5,0.433,2.5,0.56,0.444,0.545,4.37,0.0,0.7,0.8,0.3,-12.600000000000009,0.1,-7.0,,,0.0,0.0,0.0
1642851,Kon Knueppel,CHA,78,215,20.0,81,31.5,2550.7466666666664,18.5,0.633,0.5454545454545455,5.5,0.425,7.9,0.442,0.57,0.326,4.63,0.2,5.3,3.4,2.0,6.6000000000000085,0.7,4.099999999999994,,,0.04,0.68,0.46
1627739,Kris Dunn,LAC,75,205,32.0,82,27.2,2230.0,7.3,0.581,0.5625,3.1999999999999997,0.374,2.6,0.449,0.637,0.352,4.41,0.2,3.3,3.6,1.4,-0.10000000000000853,1.6,0.6999999999999886,,,0.0,0.48,0.18
1631200,Kris Murray,POR,80,218,25.0,57,23.4,1333.21,5.8,0.55,0.6296296296296295,2.6999999999999997,0.279,2.1,0.433,0.554,0.317,4.49,0.4,3.6,1.4,0.8,-2.200000000000003,0.9,-4.800000000000011,35.0,11.11,0.04,0.48,0.8
204001,Kristaps Porziņģis,GSW,86,240,30.0,32,24.0,768.8916666666667,16.7,0.582,0.5211267605633804,7.1,0.338,5.0,0.454,0.565,0.338,3.99,1.2,5.2,2.5,1.3,5.0,0.6,-2.799999999999997,,,0.0,0.34,1.31
203937,Kyle Anderson,MIN,80,230,32.0,43,19.8,853.2366666666667,6.2,0.573,0.5454545454545454,4.4,0.364,0.3,0.476,0.717,0.297,4.16,0.6,3.5,2.9,0.9,-9.400000000000006,1.0,-8.600000000000009,,,0.0,0.12,0.56
1642271,Kyle Filipowski,UTA,83,250,22.0,77,23.4,1800.9433333333334,11.4,0.586,0.5818181818181819,5.5,0.325,3.0,0.511,0.686,0.373,4.29,0.5,7.2,2.6,1.6,3.6000000000000085,0.9,1.5,32.5,11.43,0.04,0.38,1.04
1628398,Kyle Kuzma,MIL,80,221,30.0,69,26.2,1805.7416666666666,13.0,0.581,0.5692307692307692,6.5,0.347,3.5,0.443,0.578,0.37,4.37,0.4,4.5,2.7,1.7,-1.2999999999999972,0.7,-0.10000000000000853,34.0,10.72,0.04,0.21,0.62
200768,Kyle Lowry,PHI,72,196,40.0,14,8.4,118.04,1.2,0.308,,0.0,0.16,1.8,0.462,0.6,0.375,3.86,0.1,0.6,0.8,0.3,-16.200000000000003,0.1,2.200000000000003,,,0.0,0.0,0.11
1642273,Kyshawn George,WAS,80,200,22.0,48,29.0,1390.9633333333334,14.8,0.559,0.48484848484848486,6.6,0.381,5.4,0.471,0.616,0.386,4.55,0.9,5.1,4.5,2.6,-0.7999999999999972,1.0,-0.7999999999999972,32.0,11.9,0.13,0.54,0.71
1643018,LJ Cryer,GSW,72,,24.0,18,16.2,292.14666666666665,8.2,0.59,0.3846153846153847,1.2999999999999998,0.394,5.2,0.523,0.625,0.488,4.25,0.0,1.6,1.0,0.8,-4.700000000000003,0.2,-5.700000000000003,,,0.0,0.2,0.07
1630163,LaMelo Ball,CHA,79,180,24.0,72,28.0,2017.4466666666667,20.1,0.546,0.4571428571428572,7.0,0.368,10.3,0.494,0.642,0.397,4.41,0.3,4.8,7.1,2.8,12.600000000000009,1.2,5.0,,,0.0,0.58,0.33
1642950,Lachlan Olbrich,CHI,80,236,22.0,37,9.3,344.2216666666667,2.4,0.47,0.5625,1.6,0.105,0.5,0.496,0.612,0.357,4.72,0.2,3.0,1.1,0.4,-3.0,0.3,-11.299999999999997,,,0.09,0.18,0.97
1629013,Landry Shamet,NYK,77,190,29.0,51,23.0,1171.055,9.3,0.598,0.5789473684210529,1.8999999999999995,0.392,5.2,0.477,0.587,0.438,4.63,0.2,1.8,1.4,0.6,-3.3999999999999915,0.6,-5.799999999999997,39.5,11.26,0.04,0.18,0.4
1626204,Larry Nance Jr.,CLE,78,245,33.0,35,12.8,448.77,3.7,0.505,0.5294117647058824,1.7,0.333,1.8,0.5,0.656,0.416,4.4,0.2,2.7,1.0,0.6,-11.0,0.6,-3.200000000000003,,,0.09,0.24,0.45
1628374,Lauri Markkanen,UTA,85,240,29.0,42,34.3,1442.5966666666666,26.7,0.608,0.5565217391304348,11.5,0.355,7.7,0.46,0.634,0.305,4.35,0.5,6.9,2.1,1.5,2.6999999999999886,1.0,-7.200000000000003,,,0.0,0.43,0.74
1643133,Lawson Lovering,MEM,84,,23.0,2,24.6,49.265,7.0,0.574,0.6,5.0,0.0,0.0,0.481,0.667,0.0,4.28,0.5,7.5,1.5,1.0,-0.29999999999999716,1.5,-1.9000000000000057,,,0.0,1.0,1.5
2544,LeBron James,LAL,81,250,41.0,60,33.2,1989.055,20.9,0.594,0.5892857142857143,11.200000000000001,0.317,4.1,0.488,0.635,0.351,3.62,0.6,6.1,7.2,3.0,-0.9000000000000057,1.2,-3.1999999999999886,,,0.0,0.6,0.43
1641778,Leaky Black,WAS,78,209,27.0,15,28.9,433.07666666666665,7.1,0.498,0.4375,3.2,0.345,3.7,0.55,0.653,0.418,4.33,0.5,5.0,1.5,0.9,0.3999999999999915,1.2,-6.599999999999994,,,0.0,0.27,0.13
1631159,Leonard Miller,CHI,82,220,22.0,46,15.6,718.6616666666666,7.8,0.633,0.7142857142857143,3.5,0.323,2.2,0.468,0.624,0.366,4.73,0.3,3.9,0.9,0.8,8.799999999999997,0.4,-3.0,37.5,11.0,0.0,0.35,0.46
1642862,Liam McNeeley,CHA,79,210,20.0,31,11.9,367.52166666666665,4.3,0.588,0.3333333333333332,1.2000000000000002,0.4,1.9,0.5,0.587,0.455,4.44,0.1,2.4,0.8,0.4,-7.200000000000003,0.2,-3.5999999999999943,,,0.0,0.17,0.33
1630322,Lindy Waters III,SAS,77,210,28.0,40,7.1,284.6766666666667,2.4,0.532,0.5,0.20000000000000018,0.342,2.0,0.44,0.609,0.326,4.61,0.0,0.7,0.5,0.2,-12.300000000000011,0.2,-1.5,,,0.07,0.07,0.3
1628366,Lonzo Ball,CLE,77,190,28.0,35,20.8,727.7433333333333,4.6,0.432,0.5,0.7999999999999998,0.272,4.2,0.421,0.568,0.344,4.39,0.3,4.0,3.9,1.5,-7.200000000000003,1.3,-3.3999999999999915,,,0.0,0.6,0.51
1631351,Lucas Williamson,MEM,76,205,27.0,7,32.0,223.74,10.4,0.465,0.48387096774193555,3.0999999999999996,0.283,7.6,0.562,0.697,0.379,4.35,0.1,5.4,2.6,1.4,-3.8999999999999915,1.6,3.6999999999999886,,,0.0,0.33,0.83
1629652,Luguentz Dort,OKC,76,220,27.0,69,26.8,1848.7416666666666,8.3,0.524,0.4545454545454547,2.1999999999999993,0.344,5.4,0.449,0.576,0.37,4.15,0.4,3.6,1.2,0.8,-0.29999999999999716,0.9,5.0,38.0,10.79,0.03,0.29,0.45
1629029,Luka Dončić,LAL,80,230,27.0,64,35.8,2288.6016666666665,33.5,0.616,0.5666666666666668,12.0,0.366,10.8,0.482,0.676,0.315,3.75,0.5,7.7,8.3,4.0,7.5,1.6,2.0,,,0.22,0.59,0.28
1630568,Luka Garza,BOS,82,243,27.0,69,16.2,1117.9083333333333,8.1,0.682,0.6470588235294118,3.4000000000000004,0.433,1.8,0.491,0.632,0.382,4.6,0.4,4.1,1.0,0.7,1.1000000000000085,0.4,4.799999999999997,29.5,11.9,0.07,0.29,1.75
1628379,Luke Kennard,LAL,77,206,30.0,78,21.5,1680.4766666666667,8.4,0.689,0.5769230769230769,2.6,0.478,3.1,0.496,0.649,0.41,4.41,0.1,2.3,2.2,0.8,-2.0,0.7,-2.8999999999999915,,,0.0,0.22,0.19
1628436,Luke Kornet,SAS,85,250,30.0,68,21.0,1430.08,6.5,0.689,0.65,4.0,0.0,0.0,0.454,0.561,0.328,4.33,1.0,6.1,1.9,0.4,-3.799999999999997,0.5,2.700000000000003,,,0.06,0.18,1.38
1631247,Luke Travers,CLE,78,207,24.0,12,8.6,103.09166666666667,2.3,0.35,0.411764705882353,1.7,0.063,1.3,0.485,0.611,0.556,4.81,0.3,2.0,0.8,0.3,-19.900000000000006,0.6,-3.200000000000003,,,0.0,0.3,0.0
1630644,Mac McClung,CHI,74,185,27.0,11,12.3,135.175,6.1,0.501,0.5555555555555555,2.7,0.233,2.7,0.531,0.625,0.389,4.49,0.3,0.9,0.9,0.8,7.299999999999997,1.0,6.200000000000003,,,0.0,0.22,0.0
1641869,Malachi Smith,BKN,76,205,26.0,15,23.9,358.82,8.3,0.605,0.5428571428571429,3.4999999999999996,0.435,3.1,0.568,0.712,0.479,4.47,0.3,3.4,3.3,0.9,6.400000000000006,0.8,3.4000000000000057,,,0.07,0.13,0.07
1631103,Malaki Branham,WAS,76,180,23.0,28,9.8,275.47833333333335,4.6,0.604,0.5000000000000001,1.9999999999999998,0.378,1.3,0.453,0.676,0.294,4.5,0.1,1.6,0.8,0.5,-7.700000000000003,0.4,-9.400000000000006,35.0,11.38,0.0,0.35,0.09
1642502,Malevy Leons,GSW,81,210,26.0,25,11.1,276.4716666666667,3.3,0.516,0.47826086956521746,2.3,0.25,0.6,0.521,0.54,0.475,4.53,0.4,2.1,0.9,0.5,-2.4000000000000057,0.6,7.400000000000006,,,0.0,0.23,0.45
1628370,Malik Monk,SAC,75,200,28.0,62,22.0,1363.6433333333334,12.5,0.568,0.4901960784313726,5.1,0.395,5.1,0.484,0.627,0.379,4.14,0.4,1.9,3.0,1.5,0.4000000000000057,0.6,-1.6000000000000085,,,0.02,0.4,0.08
1630699,MarJon Beauchamp,PHI,79,199,25.0,14,14.0,196.11166666666668,6.8,0.563,0.6499999999999998,2.0000000000000004,0.34,3.4,0.37,0.568,0.241,4.49,0.3,2.3,1.1,0.9,-7.099999999999994,0.6,-3.5,,,0.0,0.36,0.0
1631204,Marcus Sasser,DET,73,195,25.0,38,12.0,456.50333333333333,5.2,0.533,0.3157894736842105,1.9000000000000004,0.415,2.8,0.408,0.622,0.333,4.26,0.1,1.0,2.0,0.8,-0.6999999999999886,0.5,-6.1000000000000085,35.0,10.68,0.0,0.2,0.1
203935,Marcus Smart,LAL,75,220,32.0,62,28.5,1768.9783333333332,9.3,0.543,0.4666666666666666,3.0,0.331,4.7,0.433,0.638,0.334,3.81,0.4,2.8,3.0,1.5,3.0999999999999943,1.4,-6.5,36.0,10.82,0.32,0.6,0.68
1641813,Mark Sears,MIL,72,185,24.0,7,3.7,26.081666666666667,3.1,0.666,0.37500000000000017,0.7999999999999998,0.5,1.1,0.4,0.0,0.5,4.76,0.0,0.3,0.3,0.6,9.900000000000006,0.0,-14.0,39.0,11.96,0.0,0.25,0.0
1631109,Mark Williams,PHX,85,240,24.0,60,23.6,1416.05,11.7,0.68,0.6438356164383562,7.3,1.0,0.0,0.51,0.644,0.318,4.28,0.9,8.0,1.0,1.1,-2.700000000000003,0.9,2.299999999999997,,,0.0,0.42,1.33
1628365,Markelle Fultz,TOR,76,209,28.0,5,7.2,35.766666666666666,0.8,0.182,0.18181818181818182,2.2,0.0,0.0,0.5,0.714,0.375,4.61,0.0,0.2,1.6,0.8,-33.39999999999999,0.4,19.89999999999999,,,0.0,0.0,0.0
1628963,Marvin Bagley III,DAL,82,235,27.0,60,20.0,1200.9033333333334,10.5,0.661,0.6333333333333334,6.0,0.462,0.9,0.462,0.581,0.332,4.52,0.7,6.1,1.4,1.0,1.2000000000000028,0.5,4.400000000000006,,,0.12,0.37,1.23
203486,Mason Plumlee,SAS,84,254,36.0,20,8.6,171.48833333333334,1.6,0.769,0.8571428571428572,0.7,0.0,0.0,0.564,0.69,0.424,4.52,0.0,2.7,1.0,0.6,-20.69999999999999,0.5,9.299999999999997,36.0,10.89,0.06,0.17,0.61
1641824,Matas Buzelis,CHI,80,196,21.0,77,29.2,2248.2483333333334,16.3,0.586,0.5901639344262295,6.1,0.349,6.4,0.47,0.577,0.371,4.58,1.5,5.8,2.1,2.1,0.3999999999999915,0.7,2.4000000000000057,38.0,10.73,0.03,0.44,0.36
1629680,Matisse Thybulle,POR,77,202,29.0,30,16.0,479.65,5.8,0.6,0.5,1.4,0.398,3.1,0.392,0.646,0.224,4.32,0.5,2.0,0.9,0.9,-4.400000000000006,2.0,-15.0,,,0.03,0.5,0.1
1631108,Max Christie,DAL,77,190,23.0,77,29.1,2244.48,12.3,0.601,0.5277777777777778,3.6000000000000005,0.404,5.8,0.476,0.636,0.35,4.44,0.4,3.2,2.0,1.2,-1.6000000000000085,0.6,2.6000000000000085,37.5,10.82,0.01,0.29,0.17
1642917,Max Shulga,BOS,76,210,24.0,11,3.3,36.275,0.6,0.394,0.3333333333333334,0.29999999999999993,0.25,0.4,0.286,0.75,0.143,4.38,0.0,0.5,0.2,0.3,-27.799999999999997,0.1,-11.799999999999997,,,0.0,0.0,0.0
1629622,Max Strus,CLE,77,215,30.0,12,24.0,288.295,11.2,0.609,0.5499999999999998,2.000000000000001,0.402,6.8,0.531,0.72,0.426,4.64,0.0,5.4,2.0,0.8,-0.5,0.3,3.5999999999999943,,,0.08,0.17,0.33
1628467,Maxi Kleber,LAL,82,240,34.0,43,10.7,461.01,2.0,0.509,0.6363636363636364,1.1,0.231,0.6,0.483,0.663,0.409,4.0,0.3,2.0,0.6,0.4,-3.5,0.4,-5.5,,,0.03,0.15,0.7
1642875,Maxime Raynaud,SAC,85,250,23.0,74,26.5,1963.88,12.5,0.619,0.6049382716049383,8.1,0.324,1.0,0.496,0.638,0.358,4.43,0.5,7.5,1.4,1.3,1.7000000000000028,0.5,4.700000000000003,,,0.0,0.34,1.31
1642877,Micah Peavy,NOP,79,215,24.0,61,15.0,912.935,4.3,0.455,0.4444444444444444,2.7,0.259,1.8,0.457,0.556,0.339,4.56,0.1,1.9,1.0,0.3,-2.6999999999999886,0.7,-3.0,,,0.02,0.29,0.29
1630695,Micah Potter,IND,81,248,28.0,47,19.3,908.3166666666667,9.7,0.679,0.6538461538461539,2.6,0.423,3.6,0.53,0.661,0.357,4.44,0.3,5.0,1.5,1.0,-2.6999999999999886,0.5,-4.200000000000003,,,0.0,0.2,1.13
1629008,Michael Porter Jr.,BKN,82,218,28.0,52,32.5,1688.6033333333332,24.2,0.595,0.5604395604395606,9.099999999999998,0.363,9.3,0.528,0.674,0.395,4.17,0.3,7.1,3.0,2.3,10.099999999999994,1.1,3.8999999999999915,,,0.0,0.6,0.67
1628969,Mikal Bridges,NYK,78,209,29.0,82,32.8,2691.935,14.4,0.587,0.5909090909090909,6.6,0.371,5.1,0.459,0.638,0.325,4.57,0.8,3.8,3.7,1.0,3.700000000000003,1.3,4.099999999999994,,,0.01,0.48,0.53
201144,Mike Conley,MIN,73,175,38.0,54,18.4,991.2983333333333,4.5,0.517,0.3333333333333334,0.8999999999999999,0.337,3.1,0.48,0.634,0.386,4.49,0.3,1.7,2.9,0.6,-3.1000000000000085,0.6,0.7999999999999972,40.5,11.63,0.0,0.38,0.15
1628970,Miles Bridges,CHA,79,225,28.0,77,31.0,2387.2316666666666,17.1,0.57,0.5584415584415585,7.7,0.333,5.8,0.464,0.607,0.348,4.16,0.4,5.8,3.2,1.4,2.5999999999999943,0.6,6.799999999999997,,,0.0,0.52,0.56
1642939,Miles Kelly,DAL,76,190,23.0,14,9.6,133.72333333333333,3.1,0.484,0.5714285714285715,0.7000000000000002,0.303,2.4,0.579,0.667,0.364,4.72,0.1,1.7,0.9,0.4,-9.100000000000009,0.3,-7.400000000000006,,,0.0,0.4,0.3
1630540,Miles McBride,NYK,74,195,25.0,41,26.3,1080.035,12.0,0.578,0.4545454545454545,3.3000000000000007,0.413,6.6,0.452,0.624,0.337,4.52,0.2,2.4,2.6,0.8,3.200000000000003,0.9,-1.5,38.5,11.08,0.0,0.49,0.29
1629011,Mitchell Robinson,NYK,84,240,28.0,60,19.6,1174.5016666666668,5.7,0.676,0.7352941176470589,3.4,0.0,0.0,0.442,0.624,0.319,4.14,1.2,8.8,0.9,0.7,0.9000000000000057,0.9,-1.0,,,0.0,0.53,2.63
1628964,Mo Bamba,UTA,84,231,28.0,4,11.0,43.8,2.5,0.455,0.46428571428571436,2.8,0.0,0.0,0.481,0.375,0.429,4.12,0.8,5.5,0.3,0.5,-66.4,0.0,28.200000000000017,,,0.0,0.5,0.75
1642885,Mohamed Diawara,NYK,81,225,21.0,69,9.2,634.1516666666666,3.6,0.55,0.5,1.2000000000000002,0.369,1.9,0.463,0.662,0.348,4.46,0.1,1.4,0.8,0.4,-6.799999999999997,0.2,-5.5,,,0.0,0.11,0.24
1628420,Monte Morris,IND,74,183,31.0,6,10.8,64.61666666666666,3.0,0.414,0.45,1.9999999999999998,0.25,1.3,0.393,0.667,0.083,4.55,0.2,1.2,1.5,0.3,-26.5,0.2,-24.200000000000003,33.5,11.0,0.0,0.2,0.0
1629021,Moritz Wagner,ORL,83,245,29.0,36,11.8,426.595,6.9,0.545,0.4857142857142856,3.5000000000000004,0.314,1.9,0.537,0.644,0.486,4.28,0.1,3.2,0.8,0.5,-7.5,0.4,4.5,34.0,11.48,0.14,0.34,0.66
1630541,Moses Moody,GSW,77,211,24.0,60,25.7,1539.8983333333333,12.1,0.6,0.5333333333333331,3.000000000000001,0.401,6.3,0.466,0.603,0.368,4.16,0.6,3.3,1.6,1.0,-2.3000000000000114,1.0,-7.0,,,0.05,0.73,0.49
1631338,Mouhamadou Gueye,CHI,81,210,27.0,2,22.7,45.44166666666667,8.0,0.627,0.8333333333333334,3.0,0.2,2.5,0.526,0.75,0.375,4.48,0.5,3.0,3.0,1.5,14.5,1.0,8.000000000000014,,,0.0,0.0,0.0
1631243,Mouhamed Gueye,ATL,83,210,23.0,77,15.3,1178.8366666666666,4.4,0.539,0.5714285714285715,2.0999999999999996,0.308,1.7,0.436,0.584,0.317,4.54,0.5,3.6,0.9,0.4,-1.7000000000000028,0.8,-2.1000000000000085,,,0.03,0.33,0.84
1630619,Moussa Cisse,DAL,83,220,23.0,38,13.9,529.58,4.5,0.564,0.5666666666666667,3.0,0.0,0.0,0.46,0.587,0.274,4.4,1.2,5.7,0.2,0.8,1.7999999999999972,0.5,-4.599999999999994,,,0.0,0.43,1.41
1631217,Moussa Diabaté,CHA,82,210,24.0,73,26.0,1898.9566666666667,7.9,0.653,0.62,5.0,0.5,0.0,0.486,0.636,0.362,4.45,1.0,8.7,1.9,1.0,9.299999999999997,0.8,-0.5999999999999943,36.5,11.16,0.0,0.52,2.45
1626167,Myles Turner,MIL,83,250,30.0,71,26.9,1911.8033333333333,11.9,0.584,0.5135135135135136,3.6999999999999993,0.383,5.4,0.485,0.59,0.383,4.22,1.6,5.3,1.5,1.2,-2.700000000000003,0.7,-2.799999999999997,,,0.0,0.32,1.37
1642066,Myron Gardner,MIA,77,220,25.0,45,9.1,410.505,3.6,0.606,0.5384615384615384,1.3000000000000003,0.406,1.4,0.446,0.614,0.283,4.92,0.2,2.7,1.0,0.4,-0.7000000000000028,0.4,-7.799999999999997,,,0.0,0.25,0.28
1642368,N'Faly Dante,ATL,83,230,24.0,4,3.9,15.416666666666666,0.8,0.338,0.3,1.0,0.0,0.0,0.125,0.333,0.0,4.42,0.0,1.8,0.0,0.3,-4.400000000000006,0.5,-27.799999999999997,33.0,11.55,0.0,0.0,0.25
1641772,Nae'Qwan Tomlin,CLE,80,210,25.0,64,15.7,1003.6383333333333,5.8,0.549,0.6129032258064515,3.1000000000000005,0.235,1.8,0.463,0.541,0.374,4.69,0.5,2.9,0.8,0.5,-4.200000000000003,0.6,-3.3999999999999915,32.5,11.63,0.0,0.33,0.6
1630230,Naji Marshall,DAL,78,220,28.0,74,29.5,2183.74,15.2,0.592,0.5975609756097562,8.2,0.291,2.9,0.486,0.639,0.33,4.2,0.1,4.7,3.3,1.6,2.1000000000000085,1.1,0.7999999999999972,35.0,11.77,0.0,0.46,0.49
1631466,Nate Williams,GSW,77,205,27.0,14,17.1,239.17,8.0,0.592,0.523809523809524,4.199999999999999,0.433,2.1,0.515,0.706,0.378,4.44,0.0,2.1,1.0,1.1,-0.09999999999999432,0.4,11.700000000000003,,,0.0,0.36,0.29
1629675,Naz Reid,MIN,81,264,26.0,77,26.1,2007.35,13.6,0.565,0.5636363636363636,5.500000000000001,0.362,5.8,0.467,0.599,0.363,4.27,1.0,6.2,2.2,1.6,-2.299999999999997,1.0,-2.5999999999999943,32.5,12.03,0.05,0.49,0.83
1629674,Neemias Queta,BOS,84,248,26.0,76,25.3,1926.2066666666667,10.2,0.674,0.6615384615384615,6.5,0.125,0.1,0.446,0.542,0.355,4.24,1.3,8.4,1.7,1.0,1.5,0.8,-7.800000000000011,33.0,11.85,0.0,0.29,2.07
1629651,Nic Claxton,BKN,83,215,27.0,69,27.8,1920.3666666666666,11.7,0.592,0.5925925925925926,8.1,0.158,0.3,0.471,0.583,0.359,4.18,1.1,6.9,3.7,1.4,0.6000000000000085,0.7,6.299999999999997,36.5,11.26,0.0,0.39,1.23
1630208,Nick Richards,CHI,83,245,28.0,48,14.6,700.71,5.8,0.562,0.5263157894736842,3.8000000000000003,0.278,0.4,0.558,0.688,0.402,4.49,0.7,5.1,0.3,1.2,2.5,0.2,1.0999999999999943,34.0,11.42,0.0,0.17,0.87
1641733,Nick Smith Jr.,LAL,74,185,22.0,30,12.5,374.87666666666667,6.2,0.552,0.4799999999999998,2.5000000000000004,0.395,2.9,0.5,0.706,0.35,4.41,0.1,0.8,1.0,0.7,-6.6000000000000085,0.3,-3.799999999999997,,,0.0,0.28,0.0
1629638,Nickeil Alexander-Walker,ATL,77,205,27.0,78,33.4,2603.1766666666667,20.8,0.61,0.5277777777777777,7.200000000000001,0.399,8.1,0.514,0.66,0.409,4.69,0.5,3.4,3.7,2.1,7.599999999999994,1.3,2.4000000000000057,,,0.05,0.74,0.49
201587,Nicolas Batum,LAC,79,230,37.0,74,17.5,1294.595,4.0,0.603,1.0,0.10000000000000009,0.404,3.1,0.499,0.601,0.417,4.3,0.3,2.5,0.9,0.5,-3.0999999999999943,0.6,-0.5,,,0.0,0.28,0.26
1628502,Nigel Hayes-Davis,PHX,79,254,31.0,27,7.2,195.21333333333334,1.3,0.356,0.45454545454545453,1.1,0.125,0.6,0.481,0.542,0.273,4.23,0.1,1.2,0.3,0.3,-20.900000000000006,0.3,0.8999999999999915,33.5,11.81,0.0,0.28,0.11
203999,Nikola Jokić,DEN,83,284,31.0,65,34.8,2264.855,27.7,0.67,0.6356589147286823,12.899999999999999,0.38,4.5,0.508,0.63,0.402,3.75,0.8,12.9,10.7,3.7,13.399999999999991,1.4,-0.29999999999999716,,,0.02,0.58,2.26
1631107,Nikola Jović,MIA,82,205,23.0,47,17.2,808.0183333333333,7.3,0.48,0.4516129032258064,3.1,0.269,3.6,0.443,0.605,0.293,4.59,0.4,3.3,2.2,1.4,-7.400000000000006,0.6,-3.8000000000000114,,,0.02,0.19,0.5
1642260,Nikola Topić,OKC,78,200,20.0,10,16.0,160.08333333333334,5.2,0.489,0.44444444444444453,3.5999999999999996,0.4,1.5,0.521,0.667,0.353,4.4,0.0,1.9,4.4,2.5,-10.700000000000003,0.5,15.0,,,0.0,0.13,0.25
202696,Nikola Vučević,BOS,81,265,35.0,64,28.4,1818.1183333333333,15.1,0.574,0.5542168674698794,8.3,0.369,4.2,0.489,0.635,0.406,3.97,0.6,8.4,3.3,1.3,-7.0,0.6,-8.799999999999997,25.0,12.02,0.02,0.27,1.98
1642363,Nique Clifford,SAC,77,175,24.0,75,25.1,1881.925,8.6,0.505,0.4791666666666666,4.800000000000001,0.333,3.1,0.493,0.641,0.379,4.52,0.3,3.8,2.4,1.5,3.3999999999999915,0.9,-6.400000000000006,37.0,10.95,0.12,0.35,0.28
1642855,Noa Essengue,CHI,80,194,19.0,2,3.0,6.033333333333333,0.0,0.0,0.0,0.5,0.0,1.0,,,,5.32,0.0,0.0,0.0,0.0,-52.2,0.5,54.10000000000001,,,0.0,0.0,1.0
1641730,Noah Clowney,BKN,82,210,21.0,66,27.0,1780.0633333333333,12.3,0.554,0.4864864864864865,3.6999999999999993,0.329,5.9,0.528,0.664,0.405,4.28,0.7,4.1,1.6,1.5,4.700000000000003,0.8,2.3999999999999915,,,0.06,0.38,0.56
1642869,Noah Penda,ORL,79,215,21.0,59,12.8,757.275,3.8,0.506,0.5,1.7999999999999998,0.323,1.6,0.484,0.631,0.378,4.52,0.3,3.2,1.2,0.7,-3.799999999999997,0.5,0.6000000000000085,,,0.0,0.41,0.45
1642849,Nolan Traore,BKN,75,185,20.0,56,22.2,1243.3916666666667,8.9,0.479,0.4230769230769231,5.199999999999999,0.318,3.4,0.494,0.661,0.421,4.65,0.4,1.8,3.8,2.3,1.2999999999999972,0.8,2.299999999999997,,,0.02,0.36,0.25
1641807,Norchad Omier,LAC,79,248,24.0,6,3.9,23.666666666666668,2.8,0.751,0.7999999999999999,1.5,0.0,0.2,0.571,0.75,0.5,4.4,0.0,1.2,0.3,0.0,-27.200000000000003,0.2,32.70000000000002,,,0.0,0.0,0.2
1626181,Norman Powell,MIA,75,215,33.0,58,29.6,1716.9366666666667,21.7,0.609,0.5542168674698794,8.3,0.38,7.1,0.518,0.704,0.42,4.29,0.2,3.5,2.5,1.9,-0.20000000000000284,1.1,2.3999999999999915,40.5,10.69,0.0,0.53,0.33
1628384,OG Anunoby,NYK,79,240,28.0,67,33.2,2223.8716666666664,16.7,0.62,0.5932203389830508,5.9,0.386,6.1,0.447,0.644,0.339,4.16,0.7,5.2,2.2,1.8,5.700000000000003,1.6,-0.5,,,0.04,0.64,1.1
1630167,Obi Toppin,IND,81,220,28.0,24,17.7,423.725,11.6,0.636,0.6923076923076923,3.9000000000000004,0.352,4.4,0.432,0.578,0.328,4.62,0.0,4.4,2.3,1.2,4.900000000000006,0.5,0.09999999999999432,,,0.0,0.32,0.41
1630534,Ochai Agbaji,BKN,77,215,26.0,62,15.7,973.2033333333334,5.1,0.525,0.625,2.4,0.266,2.1,0.46,0.621,0.362,4.64,0.3,2.3,0.8,0.5,-5.300000000000011,0.4,-8.299999999999997,39.0,10.77,0.0,0.21,0.21
1630846,Olivier Sarr,CLE,82,240,27.0,4,9.8,39.35,3.5,0.761,0.8,1.0,0.667,0.8,0.588,0.6,0.4,4.4,0.8,2.8,1.3,0.5,12.500000000000014,0.5,-11.299999999999997,,,0.0,0.0,0.67
1641765,Olivier-Maxence Prosper,MEM,79,230,23.0,53,18.6,983.5916666666667,10.0,0.662,0.6578947368421053,3.8,0.405,2.8,0.519,0.641,0.406,4.64,0.2,3.5,1.0,0.9,-1.0999999999999943,0.8,3.8000000000000114,40.5,10.59,0.02,0.51,0.78
1630209,Omer Yurtseven,GSW,83,275,28.0,9,11.6,103.955,3.8,0.501,0.48,2.5,0.0,0.4,0.54,0.667,0.4,4.29,0.1,3.3,0.9,1.0,-2.0999999999999943,0.2,-2.9000000000000057,,,0.0,0.38,0.75
1630168,Onyeka Okongwu,ATL,82,240,25.0,74,31.0,2296.9683333333332,15.2,0.592,0.578125,6.3999999999999995,0.376,5.2,0.481,0.627,0.334,4.19,1.1,7.6,3.1,1.7,-0.8999999999999915,1.1,0.3999999999999915,,,0.03,0.78,1.36
1631115,Orlando Robinson,ORL,82,235,25.0,4,6.2,24.816666666666666,1.8,0.7,0.625,0.8,0.5,0.5,0.765,0.9,0.667,4.45,0.0,1.0,0.8,0.0,8.900000000000006,0.3,31.200000000000003,27.5,11.4,0.0,0.0,0.25
1631131,Oscar Tshiebwe,UTA,80,255,26.0,27,16.6,448.42,7.8,0.633,0.6296296296296295,5.4,0.0,0.0,0.525,0.708,0.377,4.35,0.2,6.6,1.2,0.8,-1.6999999999999886,0.6,-1.7999999999999972,32.5,12.26,0.0,0.33,1.07
1642345,Oso Ighodaro,PHX,83,235,23.0,82,22.1,1808.37,6.5,0.636,0.6444444444444444,4.5,0.0,0.0,0.447,0.578,0.321,4.23,0.7,5.1,2.3,1.2,4.299999999999997,0.9,-3.299999999999997,39.5,11.25,0.0,0.38,0.93
1631172,Ousmane Dieng,MIL,81,185,23.0,57,19.3,1099.4716666666666,7.6,0.516,0.47368421052631576,3.8,0.341,3.2,0.45,0.662,0.321,4.16,0.3,3.2,2.4,1.3,-2.6999999999999886,0.4,6.6000000000000085,,,0.0,0.25,0.16
1629023,P.J. Washington,DAL,79,230,27.0,56,31.0,1735.62,14.2,0.537,0.513157894736842,7.6000000000000005,0.325,4.2,0.476,0.577,0.36,4.3,1.1,7.0,1.8,1.7,-3.799999999999997,1.0,0.10000000000000853,34.0,11.39,0.02,0.54,0.8
1641790,PJ Hall,CHA,80,245,24.0,19,11.2,213.37833333333333,4.5,0.599,0.5,2.8000000000000003,0.6,0.3,0.47,0.529,0.327,4.37,0.5,3.9,0.5,0.8,-3.799999999999997,0.2,-16.900000000000006,39.5,11.76,0.0,0.29,1.12
1642359,Pacôme Dadiet,NYK,81,210,20.0,29,4.7,135.76,1.7,0.454,0.6666666666666667,0.5999999999999999,0.219,1.1,0.49,0.571,0.5,4.52,0.0,0.9,0.4,0.1,-20.700000000000003,0.1,-12.200000000000003,36.0,11.84,0.0,0.13,0.13
1631094,Paolo Banchero,ORL,82,250,23.0,72,34.7,2501.685,22.2,0.566,0.5,12.2,0.305,3.8,0.489,0.62,0.366,4.13,0.6,8.4,5.2,3.1,2.4000000000000057,0.7,3.6999999999999886,,,0.0,0.5,0.61
1627783,Pascal Siakam,IND,80,245,32.0,62,33.2,2056.6516666666666,24.0,0.562,0.5251798561151079,13.900000000000002,0.358,4.7,0.489,0.638,0.351,4.37,0.4,6.6,3.8,2.2,6.299999999999997,1.1,1.4000000000000057,36.5,11.25,0.0,0.56,0.97
1626192,Pat Connaughton,CHA,77,209,33.0,42,7.1,296.5183333333333,2.6,0.586,0.5,0.8,0.404,1.2,0.413,0.564,0.353,4.18,0.0,1.5,0.4,0.3,-22.700000000000003,0.3,-12.599999999999994,44.0,10.58,0.03,0.21,0.21
1630311,Pat Spencer,GSW,74,205,29.0,66,18.6,1228.9266666666667,7.2,0.516,0.4634146341463415,4.1,0.357,2.5,0.523,0.683,0.343,4.54,0.1,2.4,3.5,1.3,-0.9000000000000057,0.7,3.5999999999999943,,,0.0,0.45,0.14
1631116,Patrick Baldwin Jr.,SAC,84,220,23.0,9,11.4,102.47166666666666,3.7,0.549,0.35714285714285715,1.4,0.429,1.6,0.438,0.6,0.4,4.32,0.6,2.6,0.6,0.6,-11.400000000000006,0.3,-17.400000000000006,26.5,12.25,0.0,0.0,0.67
1630172,Patrick Williams,CHI,78,235,24.0,72,20.5,1473.78,7.0,0.494,0.4285714285714286,2.8,0.347,3.8,0.477,0.665,0.358,4.33,0.4,3.0,1.5,1.0,-11.400000000000006,0.7,-2.1000000000000085,,,0.0,0.35,0.8
202331,Paul George,PHI,80,230,36.0,37,30.7,1135.0316666666668,17.3,0.57,0.48571428571428565,7.0,0.392,6.9,0.487,0.61,0.379,4.18,0.4,5.3,3.6,1.7,2.0,1.7,-3.299999999999997,,,0.11,0.54,0.76
1630194,Paul Reed,DET,81,210,27.0,65,13.9,900.6283333333333,7.8,0.65,0.6521739130434782,4.6000000000000005,0.325,0.6,0.429,0.568,0.272,4.44,0.9,4.5,1.2,0.9,-5.099999999999994,0.9,-4.699999999999989,37.5,12.29,0.02,0.48,0.76
1630202,Payton Pritchard,BOS,73,195,28.0,79,32.3,2555.5233333333335,17.0,0.584,0.5522388059701492,6.700000000000001,0.377,7.1,0.467,0.661,0.368,4.22,0.1,3.9,5.2,1.4,4.799999999999997,0.7,4.599999999999994,,,0.03,0.58,0.42
1642362,Payton Sandfort,OKC,79,215,23.0,4,15.8,63.333333333333336,8.8,0.63,0.6818181818181817,2.2,0.412,4.3,0.667,0.6,0.6,4.66,0.0,2.5,0.0,0.3,-7.5,0.3,19.299999999999997,28.0,11.57,0.0,0.0,0.0
1641796,Pelle Larsson,MIA,77,215,25.0,70,26.4,1849.1433333333334,11.4,0.605,0.5849056603773585,5.3,0.323,2.7,0.464,0.621,0.355,4.69,0.2,3.5,3.4,1.4,2.0,0.7,1.8999999999999915,38.0,11.15,0.17,0.23,0.54
1631250,Pete Nance,MIL,81,225,26.0,47,15.7,737.0983333333334,5.4,0.639,0.6250000000000001,1.5999999999999996,0.42,2.5,0.463,0.63,0.378,4.22,0.3,2.7,1.0,0.6,0.9000000000000057,0.3,-0.3999999999999915,,,0.0,0.22,0.34
1631212,Peyton Watson,DEN,80,200,23.0,54,29.6,1597.7583333333334,14.6,0.594,0.5277777777777777,7.200000000000001,0.411,3.6,0.467,0.622,0.333,4.32,1.1,4.9,2.1,1.7,5.400000000000006,0.9,3.5999999999999943,33.5,11.03,0.06,0.65,0.22
1630173,Precious Achiuwa,SAC,80,243,26.0,73,23.9,1745.185,10.1,0.558,0.5652173913043479,6.8999999999999995,0.278,1.3,0.464,0.601,0.326,4.2,0.7,6.7,1.4,0.9,3.9000000000000057,0.9,-2.200000000000003,,,0.04,0.51,0.85
1629656,Quentin Grimes,PHI,77,207,26.0,75,29.4,2205.721666666667,13.4,0.585,0.5599999999999999,5.0,0.334,5.1,0.431,0.628,0.286,4.21,0.4,3.6,3.3,1.8,-1.5999999999999943,0.9,-2.5,38.5,11.09,0.01,0.55,0.16
1631245,Quenton Jackson,IND,76,173,27.0,49,18.3,897.425,9.1,0.589,0.5116279069767441,4.300000000000001,0.356,2.4,0.478,0.595,0.331,4.67,0.1,2.3,2.9,1.3,-0.20000000000000284,0.6,-5.099999999999994,,,0.0,0.51,0.17
1642366,Quinten Post,GSW,84,238,26.0,67,17.3,1159.1983333333333,7.7,0.56,0.6,2.5,0.336,4.1,0.456,0.574,0.299,4.47,0.5,4.0,1.4,0.8,-0.29999999999999716,0.4,-4.099999999999994,27.0,11.48,0.0,0.3,0.89
1629628,RJ Barrett,TOR,78,214,26.0,57,30.3,1725.76,19.3,0.585,0.5698924731182795,9.3,0.339,5.0,0.475,0.633,0.348,4.33,0.3,5.3,3.3,1.7,8.100000000000009,0.7,4.599999999999994,,,0.05,0.51,0.44
1642853,Rasheer Fleming,PHX,81,240,21.0,55,12.2,673.4016666666666,4.3,0.517,0.5333333333333333,1.5,0.346,2.4,0.412,0.516,0.307,4.46,0.4,2.3,0.3,0.5,-0.8999999999999915,0.4,-6.900000000000006,,,0.0,0.17,0.21
1642484,RayJ Dennis,ATL,73,180,25.0,17,12.1,206.23333333333332,4.4,0.425,0.3043478260869565,2.3000000000000003,0.311,2.6,0.552,0.75,0.444,4.99,0.2,1.5,1.9,1.0,-5.8999999999999915,0.2,14.599999999999994,,,0.0,0.23,0.15
1641712,Rayan Rupert,MEM,79,205,22.0,64,16.8,1072.545,5.2,0.493,0.4285714285714285,2.8000000000000003,0.324,2.1,0.497,0.647,0.349,4.72,0.1,2.9,1.1,0.9,-13.299999999999997,0.9,-3.8000000000000114,32.5,11.18,0.04,0.37,0.19
1642263,Reed Sheppard,HOU,74,185,22.0,82,26.2,2146.923333333333,13.5,0.564,0.48888888888888893,4.5,0.394,7.0,0.472,0.629,0.346,4.21,0.7,2.9,3.4,1.5,1.0,1.5,2.1999999999999886,42.0,10.96,0.0,0.57,0.18
1642434,Riley Minix,CLE,79,230,25.0,9,6.5,58.083333333333336,3.9,0.72,0.9230769230769231,1.3,0.333,1.3,0.344,0.556,0.263,4.61,0.1,0.7,0.6,0.3,6.300000000000011,0.2,-2.9000000000000057,,,0.0,0.0,0.0
1642265,Rob Dillingham,CHI,74,175,21.0,65,14.9,969.9533333333334,6.3,0.469,0.4418604651162791,4.3,0.316,2.0,0.495,0.675,0.324,4.72,0.1,2.0,2.2,1.5,0.7999999999999972,0.7,-1.8999999999999915,,,0.0,0.36,0.08
1629057,Robert Williams III,POR,81,249,28.0,59,17.1,1008.2133333333334,6.7,0.722,0.7368421052631577,3.8000000000000003,0.391,0.4,0.425,0.5,0.31,4.14,1.5,7.0,1.0,0.8,-1.9000000000000057,0.6,-7.0,,,0.0,0.24,0.88
1642911,Rocco Zikarsky,MIN,87,227,19.0,5,7.3,36.483333333333334,2.8,0.717,0.625,1.6,0.0,0.0,0.464,0.667,0.5,4.05,1.0,2.8,0.4,0.2,6.900000000000006,0.0,3.799999999999997,,,0.0,0.25,0.0
1631199,Ron Harper Jr.,BOS,77,233,26.0,29,10.9,317.52666666666664,4.2,0.55,0.6000000000000001,1.0,0.35,2.8,0.429,0.645,0.219,4.18,0.3,1.7,0.8,0.3,-8.700000000000003,0.3,-2.700000000000003,30.5,11.41,0.0,0.45,0.3
1641842,Ronald Holland II,DET,80,206,20.0,78,19.9,1550.4483333333333,8.2,0.525,0.5333333333333333,4.5,0.253,2.5,0.448,0.599,0.368,4.37,0.3,4.0,1.2,1.2,-9.599999999999994,1.2,-4.599999999999994,38.0,11.1,0.03,0.52,0.15
1626220,Royce O'Neale,PHX,78,226,33.0,78,28.4,2213.0533333333333,9.8,0.596,0.5384615384615383,1.2999999999999998,0.408,6.7,0.482,0.643,0.345,4.16,0.4,4.8,2.7,1.3,-2.299999999999997,1.1,8.299999999999997,,,0.0,0.49,0.49
203497,Rudy Gobert,MIN,85,258,34.0,76,31.3,2380.0466666666666,10.9,0.664,0.6875,6.4,0.0,0.1,0.44,0.548,0.355,4.28,1.6,11.5,1.7,1.4,-3.0,0.8,-7.900000000000006,29.0,12.85,0.01,0.3,2.53
1629060,Rui Hachimura,LAL,80,230,28.0,68,28.3,1926.565,11.5,0.62,0.5714285714285714,4.9,0.443,3.9,0.501,0.67,0.346,4.2,0.3,3.3,0.8,0.6,1.3000000000000114,0.6,0.30000000000001137,,,0.01,0.28,0.6
201566,Russell Westbrook,SAC,76,200,37.0,64,28.9,1852.57,15.2,0.528,0.5,7.199999999999999,0.338,5.9,0.522,0.695,0.347,3.94,0.2,5.4,6.7,3.3,0.5999999999999943,1.3,5.0,36.5,10.98,0.0,0.77,0.15
1642346,Ryan Dunn,PHX,79,216,23.0,70,19.4,1355.245,5.8,0.532,0.5357142857142856,2.8000000000000003,0.331,2.4,0.447,0.576,0.35,4.48,0.4,4.2,1.5,0.8,-4.0,0.9,-4.299999999999997,38.5,10.99,0.0,0.37,0.21
1641750,Ryan Kalkbrenner,CHA,85,256,24.0,69,21.4,1479.1316666666667,7.6,0.762,0.7804878048780487,4.1000000000000005,0.0,0.1,0.468,0.554,0.331,4.34,1.5,5.5,0.8,0.9,-8.200000000000003,0.5,-1.2000000000000028,30.5,12.27,0.03,0.33,2.54
1642948,Ryan Nembhard,DAL,71,180,23.0,60,19.5,1170.88,6.6,0.492,0.4523809523809524,4.2,0.356,2.3,0.459,0.588,0.339,4.34,0.0,2.2,5.3,1.4,2.700000000000003,0.4,-2.1000000000000085,,,0.04,0.48,0.16
1631157,Ryan Rollins,MIL,75,180,23.0,74,32.1,2375.483333333333,17.3,0.583,0.5256410256410255,7.800000000000001,0.406,6.1,0.451,0.599,0.345,4.39,0.4,4.6,5.6,2.7,5.799999999999997,1.5,-1.0,36.5,11.26,0.05,0.68,0.24
1630180,Saddiq Bey,NOP,80,215,27.0,72,31.2,2245.575,17.7,0.579,0.5194805194805194,7.7,0.367,5.7,0.483,0.676,0.331,4.16,0.1,5.6,2.5,0.9,2.700000000000003,0.9,1.0,,,0.01,0.55,0.56
1630573,Sam Hauser,BOS,79,217,28.0,78,24.8,1934.15,9.2,0.59,0.5833333333333334,1.2000000000000002,0.393,6.5,0.458,0.603,0.36,4.61,0.3,3.8,1.5,0.4,3.299999999999997,0.5,1.2999999999999972,34.5,11.14,0.0,0.34,0.64
1630241,Sam Merrill,CLE,76,205,30.0,52,26.5,1377.0733333333333,12.8,0.644,0.6190476190476188,2.1000000000000005,0.421,7.2,0.475,0.673,0.341,4.53,0.1,2.6,2.4,0.8,4.599999999999994,0.6,-1.0,,,0.06,0.37,0.33
1630572,Sandro Mamukelashvili,TOR,81,240,27.0,80,21.9,1750.6916666666666,11.2,0.637,0.6428571428571428,4.2,0.389,3.7,0.471,0.611,0.357,4.46,0.5,4.9,1.9,0.8,2.8000000000000114,0.8,-1.5999999999999943,36.5,11.63,0.0,0.39,0.94
1630583,Santi Aldama,MEM,84,215,25.0,43,27.9,1198.0783333333334,14.0,0.572,0.578125,6.3999999999999995,0.35,4.7,0.483,0.614,0.356,4.54,0.7,6.7,2.9,1.3,3.299999999999997,0.9,-2.0,,,0.05,0.4,0.7
1630703,Scoot Henderson,POR,75,207,22.0,30,24.9,747.83,14.2,0.553,0.48333333333333334,6.0,0.352,5.4,0.506,0.585,0.451,4.48,0.3,2.7,3.7,2.4,-0.5999999999999943,0.9,-4.799999999999997,,,0.0,0.23,0.4
1630567,Scottie Barnes,TOR,80,237,24.0,80,33.5,2680.7766666666666,18.1,0.577,0.5535714285714285,11.2,0.304,2.8,0.482,0.609,0.346,4.3,1.5,7.5,5.9,2.6,5.199999999999989,1.4,0.09999999999999432,39.5,10.88,0.01,0.6,1.31
1630590,Scotty Pippen Jr.,MEM,74,170,25.0,10,21.2,211.86666666666667,11.4,0.537,0.515625,6.3999999999999995,0.313,3.2,0.544,0.75,0.426,4.51,0.4,2.2,4.7,2.7,-5.400000000000006,1.9,0.4000000000000057,37.5,11.07,0.0,0.3,0.1
1642951,Sean Pedulla,LAC,73,195,23.0,7,4.4,31.0,1.9,0.433,0.4285714285714284,0.7000000000000002,0.3,1.4,0.429,0.5,1.0,4.29,0.0,0.4,0.7,0.1,-37.099999999999994,0.0,-2.200000000000003,,,0.0,0.5,0.25
203552,Seth Curry,GSW,73,185,35.0,10,13.3,133.0,7.1,0.654,0.4999999999999999,2.4000000000000004,0.48,2.5,0.585,0.857,0.476,4.17,0.0,1.2,1.0,0.2,2.4000000000000057,0.3,4.099999999999994,,,0.0,0.13,0.0
1631101,Shaedon Sharpe,POR,77,210,23.0,50,29.4,1471.3016666666667,20.8,0.546,0.504424778761062,11.299999999999999,0.337,6.1,0.526,0.719,0.354,4.29,0.1,4.3,2.6,2.9,0.20000000000000284,1.4,2.0,,,0.02,0.58,0.42
1628983,Shai Gilgeous-Alexander,OKC,78,195,27.0,68,33.2,2258.9466666666667,31.1,0.665,0.6066666666666668,14.999999999999998,0.386,4.4,0.423,0.55,0.325,4.05,0.8,4.3,6.6,2.2,11.099999999999994,1.4,-1.5999999999999943,,,0.01,0.79,0.24
1630536,Sharife Cooper,WAS,72,176,25.0,41,17.1,699.9983333333333,8.1,0.609,0.5853658536585368,4.1,0.382,1.9,0.496,0.714,0.39,4.42,0.1,2.1,3.0,1.5,-0.8999999999999915,0.4,-0.9000000000000057,,,0.15,0.35,0.06
1631321,Sidy Cissoko,POR,78,220,22.0,75,19.1,1435.055,5.1,0.514,0.5263157894736842,1.9,0.298,2.6,0.492,0.614,0.381,4.22,0.3,2.2,1.5,0.9,-4.099999999999994,0.7,-1.7999999999999972,35.5,11.24,0.12,0.41,0.25
1631323,Simone Fontecchio,MIA,79,209,30.0,70,16.7,1172.47,8.5,0.579,0.4999999999999999,2.0,0.375,4.7,0.445,0.574,0.343,4.75,0.1,3.0,1.4,0.7,-1.6000000000000085,0.5,-3.200000000000003,,,0.0,0.35,0.45
1642883,Sion James,CHA,77,220,23.0,82,22.5,1843.28,5.4,0.531,0.43749999999999994,1.6,0.352,2.9,0.455,0.571,0.362,4.39,0.2,3.5,2.0,0.8,-6.3999999999999915,0.6,-3.0,,,0.01,0.23,0.4
1627746,Skal Labissiere,WAS,82,235,30.0,3,12.5,37.55,4.3,0.65,1.0625,1.5999999999999999,0.2,1.7,0.5,0.8,0.0,4.02,0.3,3.0,1.0,0.3,0.4000000000000057,0.7,-10.699999999999989,,,0.0,0.33,1.0
1642461,Spencer Jones,DEN,79,225,25.0,64,22.1,1416.79,5.5,0.619,0.6666666666666669,1.7999999999999998,0.396,2.3,0.459,0.624,0.325,4.31,0.5,3.3,0.8,0.5,-5.299999999999997,0.8,0.20000000000000284,,,0.06,0.51,0.54
1630649,Stanley Umude,SAS,78,210,27.0,2,3.3,6.566666666666666,1.0,0.5,1.0,0.5,0.0,0.5,1.0,,1.0,3.99,0.0,0.0,0.5,0.0,-59.4,0.5,58.19999999999999,,,0.0,0.0,0.0
201939,Stephen Curry,GSW,74,185,38.0,43,30.9,1328.7283333333332,26.6,0.637,0.5890410958904108,7.300000000000001,0.393,11.3,0.49,0.601,0.386,4.3,0.4,3.6,4.7,2.8,7.099999999999994,1.1,1.7999999999999972,35.5,11.07,0.07,0.88,0.3
1642264,Stephon Castle,SAS,78,215,21.0,68,30.0,2037.7433333333333,16.7,0.575,0.5357142857142857,8.4,0.332,3.6,0.451,0.607,0.378,4.28,0.3,5.3,7.4,3.2,1.7999999999999972,1.1,-1.0,37.0,10.93,0.01,0.59,0.29
203500,Steven Adams,HOU,83,265,32.0,32,22.8,730.365,5.8,0.535,0.5116279069767442,4.3,0.0,0.0,0.431,0.651,0.303,4.03,0.6,8.6,1.5,1.1,0.5999999999999943,0.7,-7.200000000000003,33.0,11.85,0.0,0.5,2.47
1629004,Svi Mykhailiuk,UTA,79,205,29.0,50,23.1,1155.6116666666667,9.4,0.626,0.6249999999999999,2.4000000000000004,0.408,4.8,0.484,0.688,0.383,4.49,0.1,2.5,1.9,0.8,4.200000000000003,0.5,-2.8999999999999915,37.0,11.25,0.02,0.49,0.31
204456,T.J. McConnell,IND,73,190,34.0,56,17.2,962.505,9.4,0.567,0.5633802816901409,7.1,0.32,0.9,0.497,0.638,0.415,4.74,0.2,2.2,5.1,1.1,0.3999999999999915,1.0,-0.20000000000000284,31.5,10.95,0.07,0.63,0.13
1643007,Taelon Peter,IND,75,185,24.0,38,13.0,492.23,4.5,0.518,0.5555555555555554,0.9000000000000004,0.328,3.3,0.538,0.705,0.362,4.75,0.1,1.6,1.1,0.7,-7.3999999999999915,0.7,-6.400000000000006,,,0.19,0.26,0.19
201959,Taj Gibson,MEM,81,232,41.0,10,9.7,96.87333333333333,3.4,0.576,0.44999999999999996,2.0,0.5,0.6,0.471,0.607,0.368,4.14,0.1,2.7,0.6,0.1,-7.8999999999999915,0.2,-17.19999999999999,30.0,11.56,0.0,0.1,0.4
1631106,Tari Eason,HOU,80,215,25.0,60,25.8,1549.105,10.5,0.514,0.4444444444444445,5.3999999999999995,0.358,4.3,0.464,0.657,0.373,4.12,0.5,6.3,1.5,1.4,0.0,1.2,-1.9000000000000057,,,0.0,0.78,0.35
1627752,Taurean Prince,MIL,78,218,32.0,26,23.5,611.3033333333333,9.2,0.617,0.5263157894736844,1.8999999999999995,0.436,5.4,0.53,0.662,0.444,4.05,0.2,3.1,1.8,1.2,2.299999999999997,0.6,-0.4000000000000057,36.0,10.96,0.0,0.04,0.31
1641707,Taylor Hendricks,MEM,81,215,22.0,59,19.0,1118.465,7.4,0.566,0.5862068965517241,2.9,0.342,3.1,0.511,0.614,0.418,4.37,0.5,3.7,0.9,0.8,-9.900000000000006,0.8,1.8999999999999915,36.0,11.27,0.02,0.24,0.28
1629611,Terance Mann,BKN,78,215,29.0,63,24.3,1529.0166666666667,7.2,0.564,0.5294117647058825,3.4,0.364,2.4,0.495,0.635,0.345,4.4,0.2,3.2,3.0,1.1,3.799999999999997,0.7,0.8999999999999915,38.5,11.51,0.05,0.29,0.32
1630545,Terrence Shannon Jr.,MIN,78,215,25.0,43,12.5,537.675,5.6,0.597,0.5,2.2,0.408,1.8,0.5,0.621,0.327,4.34,0.0,1.1,0.9,0.6,-3.5,0.3,9.799999999999997,37.5,10.36,0.05,0.14,0.27
203648,Thanasis Antetokounmpo,MIL,79,219,33.0,34,4.4,147.95833333333334,1.4,0.52,0.5,0.8,0.0,0.1,0.481,0.636,0.308,4.15,0.2,0.9,0.4,0.3,-15.099999999999994,0.4,-24.799999999999997,39.5,11.39,0.0,0.16,0.04
1628418,Thomas Bryant,CLE,81,248,28.0,60,12.2,731.8166666666667,6.2,0.625,0.6521739130434782,2.3,0.359,2.2,0.548,0.559,0.532,4.16,0.4,3.4,0.6,0.5,-4.099999999999994,0.3,-3.200000000000003,33.0,11.42,0.02,0.21,0.82
1642275,Tidjane Salaün,CHA,82,207,20.0,37,15.6,575.38,6.0,0.629,0.5714285714285716,2.0999999999999996,0.434,2.2,0.485,0.536,0.472,4.52,0.2,4.0,0.7,0.7,-5.599999999999994,0.4,-2.0,32.0,11.45,0.03,0.27,0.67
203501,Tim Hardaway Jr.,DEN,77,205,34.0,80,26.6,2127.3,13.5,0.624,0.5714285714285718,2.799999999999999,0.407,6.9,0.498,0.724,0.341,3.93,0.1,2.6,1.4,0.5,-0.8999999999999915,0.5,0.8000000000000114,37.5,10.68,0.09,0.19,0.25
202699,Tobias Harris,DET,80,226,33.0,63,27.7,1745.45,13.3,0.574,0.5142857142857143,7.0,0.368,3.5,0.435,0.585,0.324,4.21,0.4,5.1,2.5,1.0,4.199999999999989,0.9,1.5,37.5,10.96,0.0,0.5,0.98
1643253,Toby Okani,MEM,80,210,24.0,6,36.2,217.09,10.0,0.408,0.41538461538461546,6.499999999999999,0.29,5.2,0.59,0.767,0.316,4.45,0.5,3.5,1.0,0.5,-13.599999999999994,0.7,0.0,,,0.0,0.33,0.5
1642449,Tolu Smith,DET,83,,25.0,15,9.2,137.44166666666666,3.7,0.569,0.5,2.4,0.0,0.0,0.481,0.583,0.316,4.39,0.4,3.3,0.9,0.5,-10.699999999999989,0.1,-4.300000000000011,,,0.0,0.09,1.45
1628396,Tony Bradley,ATL,82,248,28.0,41,11.0,450.68666666666667,4.0,0.596,0.5714285714285715,2.8,0.5,0.1,0.465,0.556,0.405,4.43,0.2,2.8,0.5,0.4,-16.799999999999997,0.1,32.80000000000001,27.5,11.79,0.0,0.18,1.05
1641787,Tosan Evbuomwan,CHA,80,217,25.0,5,1.5,7.713333333333333,0.0,0.0,0.0,0.2,0.0,0.0,0.25,0.0,0.0,4.67,0.0,0.4,0.0,0.0,-70.4,0.0,-15.700000000000003,,,0.0,0.5,0.0
1641739,Toumani Camara,POR,79,230,26.0,82,33.3,2731.2366666666667,13.4,0.578,0.5675675675675674,3.7,0.37,7.2,0.481,0.655,0.334,4.61,0.4,5.1,2.5,1.8,7.299999999999997,1.1,3.799999999999997,33.0,10.7,0.22,0.49,0.65
1629027,Trae Young,WAS,74,164,27.0,15,25.6,383.75333333333333,17.9,0.612,0.5538461538461539,6.500000000000001,0.338,5.3,0.563,0.729,0.368,4.26,0.1,2.0,8.0,2.6,7.0,0.9,13.900000000000006,,,0.07,0.53,0.27
1631218,Trayce Jackson-Davis,TOR,81,245,26.0,53,9.4,496.0366666666667,3.4,0.578,0.5652173913043479,2.3,1.0,0.0,0.42,0.492,0.315,4.42,0.5,2.7,0.7,0.4,-8.5,0.3,1.3999999999999915,36.5,11.8,0.0,0.24,0.92
1642848,Tre Johnson,WAS,77,190,20.0,60,24.0,1442.8166666666666,12.2,0.535,0.48148148148148145,5.4,0.358,5.4,0.489,0.654,0.333,4.4,0.3,2.8,2.0,1.6,-0.09999999999999432,0.6,-0.6999999999999886,,,0.0,0.24,0.19
1630200,Tre Jones,CHI,73,190,26.0,65,27.0,1752.3733333333332,14.1,0.637,0.6133333333333334,7.5,0.315,2.0,0.495,0.686,0.332,4.5,0.2,3.1,5.4,1.4,0.5999999999999943,1.2,-2.200000000000003,,,0.12,0.42,0.28
1630544,Tre Mann,CHA,76,178,25.0,53,12.6,668.4583333333334,5.5,0.462,0.4285714285714286,2.8000000000000003,0.323,2.9,0.583,0.696,0.522,4.4,0.1,1.7,1.6,1.0,-14.5,0.5,3.700000000000003,,,0.0,0.33,0.14
1630570,Trendon Watford,PHI,80,245,25.0,53,16.3,863.7166666666667,6.5,0.573,0.5714285714285715,4.199999999999999,0.2,0.9,0.495,0.651,0.402,4.26,0.4,3.3,2.5,1.2,-9.099999999999994,0.3,2.1999999999999886,35.0,11.69,0.0,0.37,0.22
1642280,Trentyn Flowers,CHI,81,185,21.0,2,2.8,5.55,2.0,0.667,1.0,1.0,0.0,0.5,0.5,,,4.33,0.0,0.5,0.5,0.5,-31.60000000000001,0.0,-17.299999999999997,42.0,11.01,0.0,0.5,0.0
1630286,Trevon Scott,BKN,80,225,29.0,6,30.4,182.235,8.0,0.456,0.4313725490196078,5.1000000000000005,0.316,3.2,0.506,0.737,0.207,4.42,0.8,5.2,1.7,0.7,4.5,1.3,4.599999999999994,,,0.0,0.33,0.67
1631211,Trevor Keels,MIA,75,215,22.0,8,1.9,14.946666666666667,1.0,0.333,0.25000000000000017,0.3999999999999999,0.222,1.1,0.25,0.5,0.0,4.69,0.0,0.3,0.0,0.0,-33.099999999999994,0.1,-48.900000000000006,31.0,11.33,0.0,0.0,0.0
1641725,Trey Alexander,NOP,77,185,23.0,9,12.3,110.64333333333333,5.2,0.599,0.5000000000000001,2.8,0.5,1.3,0.453,0.579,0.333,4.41,0.2,1.2,1.0,0.3,-1.2999999999999972,0.7,1.5,32.0,11.37,0.13,0.13,0.75
1641998,Trey Jemison III,NYK,82,270,26.0,13,6.3,81.58833333333334,1.0,0.623,0.625,0.8,0.0,0.0,0.586,1.0,0.111,4.3,0.2,1.4,0.4,0.8,-23.0,0.1,0.7000000000000028,,,0.0,0.18,0.55
1630530,Trey Murphy III,NOP,80,206,26.0,66,35.5,2340.6383333333333,21.5,0.613,0.5890410958904109,7.300000000000001,0.379,8.6,0.507,0.661,0.367,4.22,0.4,5.7,3.8,1.8,3.1999999999999886,1.5,1.1000000000000085,38.0,11.65,0.0,0.59,0.27
1642400,Tristan Enaruna,CLE,79,220,25.0,9,9.5,85.13333333333334,4.1,0.587,0.65,2.0,0.3,1.1,0.536,0.786,0.4,4.53,0.0,1.6,0.8,0.3,2.799999999999997,0.6,-13.5,,,0.0,0.14,0.14
1641774,Tristan Vukcevic,WAS,84,220,23.0,49,13.7,670.98,9.0,0.603,0.5833333333333334,3.6,0.347,2.9,0.517,0.617,0.388,4.18,0.7,3.0,1.1,1.3,-6.799999999999997,0.5,-2.5999999999999943,30.5,11.71,0.02,0.28,0.57
1641783,Tristan da Silva,ORL,80,217,25.0,77,24.7,1899.4566666666667,9.9,0.576,0.5128205128205129,3.8999999999999995,0.374,4.2,0.477,0.635,0.344,4.59,0.3,3.7,1.6,0.9,0.6000000000000085,0.9,-1.6000000000000085,35.5,10.81,0.0,0.32,0.61
1641803,Tristen Newton,HOU,77,190,25.0,1,12.0,12.0,12.0,0.581,0.5,4.0,0.4,5.0,1.0,1.0,1.0,4.67,0.0,3.0,0.0,0.0,13.200000000000003,1.0,8.299999999999997,32.5,10.96,0.0,0.0,0.0
1629660,Ty Jerome,MEM,77,195,28.0,15,22.6,338.68833333333333,19.7,0.616,0.5263157894736842,7.6000000000000005,0.42,6.7,0.489,0.642,0.339,4.09,0.3,2.8,5.7,1.8,10.900000000000006,1.1,9.900000000000006,31.5,11.21,0.0,0.33,0.2
1631102,TyTy Washington Jr.,LAC,75,195,24.0,16,5.5,88.12833333333333,1.3,0.553,0.5714285714285714,0.7,0.375,0.5,0.567,0.667,0.375,4.08,0.2,0.4,1.1,0.2,-15.099999999999994,0.4,7.799999999999997,,,0.0,0.14,0.14
1631174,Tyler Burton,MEM,79,215,26.0,12,25.6,306.74333333333334,10.8,0.521,0.44736842105263147,3.8000000000000007,0.333,5.5,0.575,0.736,0.486,4.79,0.3,4.2,1.0,0.9,-13.5,0.9,4.200000000000003,,,0.0,0.58,0.25
1629639,Tyler Herro,MIA,77,195,26.0,33,31.3,1032.6533333333334,20.5,0.602,0.5617977528089888,8.899999999999999,0.378,6.7,0.495,0.621,0.373,4.5,0.4,4.8,4.1,1.9,-0.8999999999999915,0.7,4.5,,,0.0,0.45,0.12
1642278,Tyler Kolek,NYK,74,195,25.0,62,11.7,727.1616666666666,4.4,0.533,0.45454545454545453,2.2,0.386,1.8,0.458,0.578,0.365,4.6,0.1,1.6,2.7,0.9,-7.700000000000003,0.4,-7.200000000000003,34.0,10.97,0.04,0.33,0.17
1641890,Tyler Smith,DAL,81,224,21.0,12,13.8,165.58333333333334,4.7,0.532,0.769230769230769,1.3000000000000003,0.286,2.9,0.5,0.522,0.476,4.61,0.0,2.8,0.4,0.5,1.5,0.5,-4.799999999999997,38.0,10.74,0.0,0.08,0.58
1631213,Tyrese Martin,PHI,78,215,27.0,46,16.9,776.61,6.3,0.501,0.5,2.4,0.321,3.6,0.442,0.582,0.372,4.6,0.1,2.5,1.7,0.9,-4.299999999999997,0.5,1.9000000000000057,,,0.0,0.53,0.25
1630178,Tyrese Maxey,PHI,74,200,25.0,70,38.0,2661.1183333333333,28.3,0.588,0.5312500000000001,12.799999999999999,0.367,8.6,0.465,0.654,0.351,4.26,0.8,4.1,6.6,2.4,5.299999999999997,1.9,-1.0,,,0.04,0.73,0.23
1642878,Tyrese Proctor,CLE,76,185,22.0,50,10.9,545.0866666666667,5.4,0.556,0.5263157894736842,1.9,0.351,2.6,0.445,0.556,0.366,4.54,0.0,1.3,1.5,0.8,-6.200000000000003,0.5,-1.0,,,0.02,0.27,0.15
1630623,Tyson Etienne,BKN,72,200,26.0,24,15.8,380.01666666666665,7.9,0.588,0.3999999999999999,1.5,0.398,4.5,0.509,0.659,0.4,4.72,0.0,1.1,1.7,0.7,-2.700000000000003,0.5,-0.10000000000000853,,,0.0,0.39,0.33
1626145,Tyus Jones,DEN,72,196,30.0,67,14.6,978.5783333333334,3.0,0.448,0.38461538461538475,1.2999999999999998,0.292,2.0,0.538,0.744,0.378,4.36,0.0,1.1,2.4,0.4,-8.700000000000003,0.6,-12.200000000000003,32.5,11.84,0.0,0.13,0.12
1642845,VJ Edgecombe,PHI,76,190,20.0,75,35.0,2623.305,16.0,0.54,0.4938271604938272,8.1,0.354,5.6,0.472,0.65,0.331,4.25,0.5,5.6,4.2,1.8,4.799999999999997,1.4,1.8000000000000114,,,0.0,1.03,0.31
1641705,Victor Wembanyama,SAS,88,235,22.0,64,29.2,1865.6483333333333,25.0,0.626,0.5877192982456141,11.399999999999999,0.349,5.5,0.407,0.562,0.302,4.19,3.1,11.5,3.1,2.4,6.200000000000003,1.0,-10.100000000000009,,,0.05,0.48,1.02
1631246,Vince Williams Jr.,UTA,76,205,25.0,40,20.5,819.395,7.5,0.478,0.413793103448276,2.8999999999999995,0.311,4.4,0.437,0.602,0.338,4.56,0.4,3.9,4.2,1.8,-5.0,0.7,-8.699999999999989,,,0.03,0.4,0.2
1642884,Vladislav Goldin,MIA,84,250,25.0,9,2.7,23.961666666666666,0.8,0.788,0.7499999999999999,0.4,0.0,0.0,0.357,0.375,0.5,4.72,0.3,1.0,0.3,0.3,-10.599999999999994,0.0,-24.89999999999999,,,0.0,0.17,0.17
1630249,Vít Krejčí,POR,80,195,26.0,65,21.4,1392.1,8.5,0.609,0.6250000000000001,1.5999999999999996,0.39,5.0,0.508,0.596,0.408,4.44,0.3,2.3,1.5,0.6,-4.0,0.7,-2.5,,,0.0,0.39,0.31
1631117,Walker Kessler,UTA,86,245,24.0,5,30.8,153.98,14.4,0.786,0.689655172413793,5.800000000000001,0.75,1.6,0.455,0.605,0.227,4.17,1.8,10.8,3.0,3.2,6.5,1.4,-7.0,,,0.0,0.8,2.4
1642383,Walter Clayton Jr.,MEM,76,195,23.0,69,20.4,1410.535,7.8,0.523,0.46875,3.2,0.307,3.5,0.474,0.683,0.367,4.43,0.3,2.0,4.0,1.7,-1.2999999999999972,0.6,-2.8999999999999915,,,0.06,0.28,0.19
1628976,Wendell Carter Jr.,ORL,82,270,27.0,78,29.3,2288.3516666666665,11.8,0.617,0.6226415094339625,5.299999999999999,0.319,2.9,0.463,0.607,0.32,4.06,0.6,7.4,2.0,1.3,1.0999999999999943,0.8,-2.0,,,0.03,0.55,2.4
1631111,Wendell Moore Jr.,DET,77,215,24.0,6,9.9,59.555,1.7,0.635,0.7,1.0,0.0,0.2,0.333,0.4,0.0,4.69,0.3,1.0,0.7,0.2,11.599999999999994,0.3,-14.599999999999994,38.5,10.94,0.0,0.0,0.0
1642954,Will Richard,GSW,75,206,23.0,69,20.0,1376.805,6.4,0.596,0.6842105263157894,1.9,0.335,3.1,0.505,0.64,0.355,4.21,0.1,2.5,1.3,0.8,-3.4000000000000057,1.2,1.0,,,0.07,0.28,0.31
1642860,Will Riley,WAS,81,180,20.0,74,22.1,1632.4716666666666,10.3,0.548,0.5098039215686274,5.1000000000000005,0.316,3.3,0.49,0.649,0.35,4.51,0.1,2.9,2.0,1.3,-2.4000000000000057,0.7,1.9000000000000057,,,0.01,0.26,0.26
1630214,Xavier Tillman,CHA,80,245,27.0,30,6.1,183.87833333333333,1.5,0.461,0.6666666666666666,0.9,0.167,0.6,0.471,0.588,0.37,4.09,0.2,1.4,0.4,0.3,-9.900000000000006,0.3,9.599999999999994,32.5,11.8,0.0,0.2,0.6
1642905,Yang Hansen,POR,85,270,21.0,43,7.0,299.8933333333333,2.2,0.413,0.46153846153846156,1.2999999999999998,0.119,1.0,0.469,0.571,0.342,4.04,0.2,1.5,0.5,0.7,-19.200000000000003,0.1,-3.299999999999997,,,0.0,0.13,0.71
1642949,Yanic Konan Niederhäuser,LAC,83,242,23.0,41,10.3,423.67833333333334,4.3,0.691,0.6956521739130436,2.3,0.2,0.1,0.495,0.584,0.37,4.34,0.7,2.9,0.3,0.6,-2.299999999999997,0.1,-6.199999999999989,,,0.06,0.03,0.79
1642530,Yuki Kawamura,CHI,67,159,25.0,18,11.6,209.02,3.4,0.514,0.37500000000000017,0.7999999999999998,0.297,2.1,0.472,0.486,0.412,4.61,0.0,1.8,2.6,0.8,1.0,0.5,-3.4000000000000057,,,0.08,0.23,0.15
1642274,Yves Missi,NOP,83,235,22.0,66,19.7,1297.0366666666666,5.7,0.556,0.5333333333333333,4.5,0.0,0.0,0.435,0.531,0.346,4.21,1.5,5.8,1.3,0.8,0.7999999999999972,0.3,-3.700000000000003,38.5,11.45,0.0,0.52,1.14
1642258,Zaccharie Risacher,ATL,80,200,21.0,67,22.4,1503.2533333333333,9.6,0.557,0.5365853658536587,4.1,0.368,3.9,0.484,0.649,0.342,4.68,0.5,3.8,1.1,0.9,-2.0,0.9,1.6999999999999886,31.0,11.51,0.0,0.39,0.24
1628380,Zach Collins,CHI,81,240,28.0,10,18.4,183.73666666666668,9.7,0.666,0.6511627906976744,4.300000000000001,0.429,2.1,0.44,0.571,0.36,4.44,0.4,5.6,1.5,1.0,3.299999999999997,0.2,-5.900000000000006,,,0.0,0.3,1.3
1641744,Zach Edey,MEM,87,305,24.0,11,25.8,283.8516666666667,13.6,0.669,0.6547619047619048,8.4,0.2,0.5,0.429,0.439,0.469,4.16,1.9,11.1,1.1,2.4,0.5999999999999943,0.6,-25.5,31.5,11.19,0.0,0.27,4.09
203897,Zach LaVine,SAC,77,200,31.0,39,31.4,1224.2633333333333,19.2,0.614,0.56,7.5,0.39,6.5,0.508,0.752,0.391,4.39,0.3,2.8,2.3,1.9,-1.0,0.7,2.9000000000000057,41.5,10.42,0.0,0.23,0.21
1630192,Zeke Nnaji,DEN,82,240,25.0,52,12.0,625.9883333333333,3.7,0.558,0.5789473684210525,1.9,0.259,1.0,0.408,0.515,0.333,4.21,0.5,2.6,0.6,0.5,-16.10000000000001,0.3,-2.0999999999999943,38.0,10.94,0.02,0.2,0.37
1630533,Ziaire Williams,BKN,81,185,24.0,56,22.9,1281.2666666666667,10.2,0.579,0.5624999999999999,3.2,0.343,4.5,0.479,0.663,0.353,4.35,0.4,2.4,1.1,1.1,-6.400000000000006,1.4,-6.099999999999994,39.5,10.69,0.02,0.47,0.18
1629627,Zion Williamson,NOP,78,284,25.0,62,29.7,1841.0633333333333,21.0,0.644,0.6046511627906976,12.9,0.25,0.1,0.435,0.617,0.332,4.33,0.5,5.7,3.2,2.0,1.7999999999999972,1.0,-2.299999999999997,,,0.02,0.55,0.82
1642389,Zyon Pullin,MIN,76,206,25.0,5,8.5,42.583333333333336,4.6,0.779,0.8,2.0,0.333,0.6,0.448,0.55,0.0,4.44,0.0,0.6,1.8,0.6,9.300000000000011,0.2,6.400000000000006,,,0.0,0.0,0.5
